진행단계,정비구역명칭,정비구역면적(㎡),사업구분,재건축단계,서울시_정비구역위치,Latitude,Longitude,cate_code
조합설립인가,면목역6구역 가로주택정비사업,14203.5,가로주택정비,조합 설립 전,서울시 중랑구 면목동 86-19,37.5914802,127.092219,4
조합설립인가,강변현대아파트 리모델링사업조합,5165.0,리모델링,조합 설립 전,서울시 송파구 풍납동 299-1,37.5339084,127.111563,4
조합설립인가,문정건영아파트 리모델링주택조합,212632.0,리모델링,조합 설립 전,서울시 송파구 문정동 72-3,37.4816693,127.1257133,4
조합설립인가,길훈아파트 소규모재건축정비사업,9096.0,소규모재건축,조합 설립 전,서울시 구로구 오류동 150-42,37.4905513,126.8438286,4
조합설립인가,압구정아파트지구 특별계획구역② 재건축사업,172588.2,재건축,조합 설립 전,서울시 강남구 압구정동 434-0,37.5289279,127.0241089,4
조합설립인가,미포로5구역제2지구도시환경정비사업,5596.2,재개발(도시정비형),조합 설립 전,서울시 서대문구 충정로3가 250-70,37.5615459,126.9641104,4
조합설립인가,우성아파트 주택재건축정비사업구역,120354.2,재건축,조합 설립 전,서울시 잠실동 101-1번지 일원,37.5068649,127.073142,4
조합설립인가,장위11-2구역 가로주택정비사업,6685.0,가로주택정비,조합 설립 전,서울시 성북구 장위동 68-833,37.6097117,127.0508284,4
조합설립인가,정릉동 218의1일대 가로주택정비사업,6972.9,가로주택정비,조합 설립 전,서울시 성북구 정릉동 218-1,37.609706,127.0135382,4
조합설립인가,장위13-4구역 가로주택정비사업,9786.0,가로주택정비,조합 설립 전,서울시 성북구 장위동 219-133,37.6184288,127.045554,4
조합설립인가,길음5재정비촉진구역,36333.9,재개발(주택정비형),조합 설립 전,서울시 성북구 정릉동 175번지,37.6043088,127.0158682,4
조합설립인가,장위15구역 주택재개발정비사업,189450.0,재개발(주택정비형),조합 설립 전,서울시 장위동 233-42,37.6121363,127.04827,4
조합설립인가,신길삼성아파트 주택재건축정비사업,15945.0,재건축,조합 설립 전,서울시 영등포구 신길동 4759-0,37.4963658,126.9111928,4
조합설립인가,면목동10의2번지 일원 가로주택정비사업,7984.0,가로주택정비,조합 설립 전,서울시 망우동 427-5번지,37.5896274,127.1012209,4
조합설립인가,마천3재정비촉진구역,133830.0,재개발(주택정비형),조합 설립 전,서울시 마천동 283,37.4934696,127.1570208,4
조합설립인가,방배신삼호아파트,44106.0,재건축,조합 설립 전,서울시 서초구 방배동 725,37.4971388,126.9897389,4
조합설립인가,장안평 중고차매매센터 재개발정비구역,29883.7,재개발(도시정비형),조합 설립 전,서울시 성동구 용답동 234-0,37.5602103,127.0662611,4
조합설립추진위원회승인,신정3재정비촉진지구2구역 도시환경정비사업,15046.6,재개발(도시정비형),조합 설립 전,서울시 양천구 신정동 1182-1,37.518701,126.8529002,3
조합설립추진위원회승인,신반포궁전아파트 주택재건축정비사업 조합설립추진위원회,11520.0,재건축,조합 설립 전,서울시 서초구 반포동 65-1번지 외,37.5004321,127.0007142,3
조합설립인가,홍은5주택재건축정비구역,34817.0,재건축,조합 설립 전,서울시 홍은동277-45번지,37.5810586,126.9344023,4
조합설립인가,개포우성7차아파트 재건축정비사업조합,48983.6,재건축,조합 설립 전,서울시 강남구 일원동 615,37.4922926,127.0783273,4
정비계획 수립,(임시)응암3동 재개발 연계형 도시재생활성화사업,933.62,재개발(주택정비형),조합 설립 전,서울시 은평구 응암동 700-0,37.5849689,126.9168639,1
조합설립인가,개포우성4차아파트 주택재건축정비사업,46064.9,재건축,조합 설립 전,서울시 강남구 도곡동 465-0,37.4854423,127.0494737,4
조합설립인가,(가칭)대림동지역주택조합,16087.9,지역주택,조합 설립 전,서울시 영등포구 대림동 990-7,37.4886882,126.9054074,4
조합설립인가,(가칭)남성역지역주택조합 추진위원회,42060.0,지역주택,조합 설립 전,서울시 동작구 사당동 235-53,37.48376,126.9675648,4
조합설립인가,방배동 도구머리공원 방배빌라 등 가로주택정비사업,643.4,가로주택정비,조합 설립 전,서울시 서초구 방배동 980-36,37.4796201,126.9904804,4
조합설립인가,(가칭)사당5동지역주택조합 추진위원회,16239.0,지역주택,조합 설립 전,서울시 동작구 사당동 217-15,37.4860187,126.9677173,4
조합설립추진위원회승인,양평제14구역 도시환경정비사업,11082.1,재개발(도시정비형),조합 설립 전,서울시 영등포구 선유서로 25길 5(양평동2가31-2),37.5243386,126.8852792,3
조합설립인가,성수전략정비구역 제1지구,194398.0,재개발(주택정비형),조합 설립 전,서울시 성동구 성수동1가 72-10번지,37.5399003,127.0492323,4
조합설립인가,답십리자동차부품상가 도시정비형 재개발정비사업,17882.0,재개발(주택정비형),조합 설립 전,서울시 동대문구 답십리동 952-0,37.5660895,127.0596469,4
조합설립인가,신길제2구역,116898.0,재개발(주택정비형),조합 설립 전,서울시 영등포구 신길동 190-0,37.5124633,126.9116203,4
조합설립추진위원회승인,압구정아파트지구 특별계획구역① 재건축사업,81454.0,재건축,조합 설립 전,서울시 강남구 압구정동 414번지,37.5253059,127.0200948,3
조합설립인가,한강로도시환경정비사업,41744.0,재개발(도시정비형),조합 설립 전,서울시 용산구 한강로1가 158 일대,37.5340207,126.9741679,4
조합설립추진위원회승인,용두1도시환경정비구역 제5지구,15457.1,재개발(주택정비형),조합 설립 전,서울시 동대문구 용두동 23-1,37.5783267,127.0402458,3
조합설립인가,길동한전우성아파트 소규모주택정비사업,6994.8,소규모재건축,조합 설립 전,서울시 강동구 길동 332-0,37.5433513,127.1441688,4
조합설립인가,신당제9 주택재개발정비구역,18651.0,재개발(주택정비형),조합 설립 전,서울시 중구 신당2동 432-1008번지,37.5595363,127.0119386,4
조합설립인가,돈암제6 주택재개발정비구역,47050.0,재개발(주택정비형),조합 설립 전,서울시 성북구 돈암동 48-29,37.599249,127.0208916,4
조합설립인가,장위13의6구역 가로주택정비사업,7976.72,가로주택정비,조합 설립 전,서울시 성북구 장위동 232-41,37.6151602,127.047301,4
조합설립인가,압구정한양7차 주택재건축정비사업,16437.1,재건축,조합 설립 전,서울시 강남구 압구정동 528번지,37.5291262,127.0440633,4
조합설립추진위원회승인,창신4도시정비형 재개발사업 정비구역,11915.3,재개발(도시정비형),조합 설립 전,서울시 창신동 329번지,37.5720512,127.0144455,3
조합설립인가,봉천1-1구역주택재건축정비사업,34142.0,재건축,조합 설립 전,서울시 관악구 봉천동(보라매동) 728-57번지,37.4902606,126.9323271,4
조합설립추진위원회승인,성북제1구역주택재개발정비사업조합설립추지위원회,127899.0,재개발(주택정비형),조합 설립 전,서울시 성북1동 179-68번지,37.5952093,126.9978087,3
조합설립인가,불광1주택재건축정비사업,25692.0,재건축,조합 설립 전,서울시 은평구 불광동 19-3,37.6199724,126.9325318,4
조합설립인가,(가칭)신림지역주택조합 추진위원회,62249.0,지역주택,조합 설립 전,서울시 관악구 신림동 1480-1,37.4794824,126.9142114,4
조합설립인가,신수동무쇠막 지역주택조합,15848.0,지역주택,조합 설립 전,서울시 마포구 신수동 91-90,37.548623,126.935532,4
조합설립인가,봉천제14구역 재개발정비사업,74264.5,재개발(주택정비형),조합 설립 전,서울시 봉천3동 4-51번지 일원,37.4892764,126.9590257,4
조합설립인가,번동6구역 가로주택정비사업,9123.9,가로주택정비,조합 설립 전,서울시 강북구 번동 454-61,37.6364085,127.0346352,4
정비계획 수립,신이문2 역세권 도시정비형 재개발정비사업,18004.0,재개발(도시정비형),조합 설립 전,서울시 동대문구 이문동 170-65,37.6003576,127.06553,1
조합설립인가,정릉동 226-1번지 일대 가로주택정비사업조합,7924.34,가로주택정비,조합 설립 전,서울시 성북구 정릉로27길 123 B01호(정릉동 금강빌라),37.6090355,127.0134966,4
조합설립인가,한성아파트 소규모재건축정비사업,6508.0,소규모재건축,조합 설립 전,서울시 구로구 고척동 227-1 227-6,37.5082328,126.8537716,4
조합설립인가,(가칭)구로3동16통24통 지역주택조합,7935.92,지역주택,조합 설립 전,서울시 구로구 구로동 153-3,37.4911947,126.8945167,4
조합설립인가,면목역2구역 가로주택정비사업,15930.9,가로주택정비,조합 설립 전,서울시 중랑구 면목동 1251-4,37.5916834,127.0906628,4
조합설립인가,하월곡2구역 가로주택정비사업조합,8433.0,가로주택정비,조합 설립 전,서울시 성북구 하월곡동 40-107,37.6015143,127.042687,4
조합설립인가,사당동 인정아파트 소규모 재건축 정비사업,2921.0,소규모재건축,조합 설립 전,서울시 동작구 사당동 196-0,37.4894138,126.9648926,4
조합설립인가,번동7구역가로주택정비사업조합,5617.9,가로주택정비,조합 설립 전,서울시 강북구 번동 457-1,37.638264,127.0339285,4
조합설립인가,홍제제2구역 도시환경정비사업 조합,3069.0,재개발(도시정비형),조합 설립 전,서울시 서대문구 홍제동 326-5,37.5904555,126.9415945,4
조합설립추진위원회승인,흑석2재정비촉진구역 재개발정비사업 주민대표회의,45229.0,재개발(도시정비형),조합 설립 전,서울시 동작구 흑석동 99-3번지,37.5076037,126.9621956,3
조합설립추진위원회승인,이촌동제1구역 주택재건축정비사업,23543.8,재건축,조합 설립 전,서울시 용산구 이촌동 199 203 206,37.5252405,126.9560626,3
조합설립인가,동양연립(궁동) 소규모재건축사업,6890.0,소규모재건축,조합 설립 전,서울시 구로구 궁동 171-1번지외 3필지,37.4959326,126.8307991,4
정비구역지정,문래동1?2가 도시환경정비구역,96329.0,재개발(도시정비형),조합 설립 전,서울시 영등포구 문래동1가 70-1,37.5113788,126.8942508,2
정비구역지정,영등포1-14 재정비촉진구역,4307.0,재개발(도시정비형),조합 설립 전,서울시 영등포동5가 34-16,37.5207786,126.9077976,2
조합설립인가,유원제일2차아파트 주택재건축정비사업,28654.1,재건축,조합 설립 전,서울시 영등포구 선유동2로 56 유원제일2차아파트,37.533047,126.8981143,4
조합설립인가,전농제9구역 공공재개발정비사업 주민대표회의,49061.0,재개발(주택정비형),조합 설립 전,서울시 전농동 103-236번지 외,37.5835693,127.0514045,4
조합설립인가,천호동 107-33일대 가로주택정비사업,7565.0,가로주택정비,조합 설립 전,서울시 강동구 천호동 107-33,37.542695,127.1367338,4
조합설립인가,신반포4차아파트 재건축정비사업조합,85420.8,재건축,조합 설립 전,서울시 잠원동 70번지,37.5083529,127.0059798,4
조합설립인가,신동아아파트,111832.3,재건축,조합 설립 전,서울시 용산구 서빙고동 241-21,37.5180976,126.9875013,4
조합설립인가,압구정아파트지구 특별계획구역4   재건축정비사업조합,108050.3,재건축,조합 설립 전,서울시 강남구 압구정동 481-0,37.5312143,127.0354395,4
조합설립인가,면목본동2구역 가로주택정비사업,10094.22,가로주택정비,조합 설립 전,서울시 중랑구 면목동 106-5,37.5884157,127.0914752,4
조합설립인가,정비창전면 제1구역 도시환경정비사업,71901.0,재개발(도시정비형),조합 설립 전,서울시 용산구 한강로3가 40-641,37.5254331,126.9629264,4
조합설립인가,신반포7차아파트주택재건축정비사업,35010.4,재건축,조합 설립 전,서울시 서초구 잠원동 65-32 및 34,37.5124489,127.0078967,4
조합설립인가,홍은동 326-2일원 가로주택정비사업,6543.2,가로주택정비,조합 설립 전,서울시 서대문구 홍은동 326-2,37.5855968,126.926033,4
조합설립인가,동신아파트 소규모재건축정비사업,6152.0,소규모재건축,조합 설립 전,서울시 성북구 하월곡동 70-4,37.6058973,127.0362059,4
조합설립인가,중화역2의2구역 가로주택정비사업,9902.1,가로주택정비,조합 설립 전,서울시 중랑구 중화동 329-58번지,37.599774,127.0752999,4
조합설립인가,중화역2의5구역 가로주택정비사업,8267.2,가로주택정비,조합 설립 전,서울시 중랑구 중화동 317-45번지,37.5980965,127.0748544,4
조합설립인가,궁동 한양빌라 가로주택정비사업,3122.36,가로주택정비,조합 설립 전,서울시 구로구 궁동 240-0,37.4970125,126.8237704,4
조합설립인가,송정역지역주택조합,11484.0,지역주택,조합 설립 전,서울시 강서구 공항동 61-42,37.5570473,126.8097963,4
조합설립인가,방화지역주택조합추진위원회,63433.31,지역주택,조합 설립 전,서울시 강서구 공항동 21-0,37.5628533,126.8129088,4
조합설립인가,정비창전면 제3구역 도시정비형 재개발사업,5805.0,재개발(도시정비형),조합 설립 전,서울시 용산구 한강로3가 40-19,37.5237911,126.9621963,4
조합설립인가,은마아파트 재건축정비사업 조합,243552.6,재건축,조합 설립 전,서울시 강남구 대치동 316번지,37.4974176,127.0653272,4
조합설립추진위원회승인,홍제3구역도시환경정비사업 조합설립추진위원회,6506.0,재개발(도시정비형),조합 설립 전,서울시 서대문구 홍제동 306-2번지,37.5880382,126.9438154,3
조합설립인가,암사동 495번지 일대 가로주택정비사업,9585.98,가로주택정비,조합 설립 전,서울시 강동구 암사동 495-0,37.5499823,127.1300579,4
조합설립인가,(가칭)동작상도역지역주택조합 추진위원회,29786.8,지역주택,조합 설립 전,서울시 동작구 상도동 154-30번지,37.5036643,126.9459106,4
조합설립인가,가락극동아파트 재건축사업,40111.5,재건축,조합 설립 전,서울시 송파구 가락동 192-0,37.495697,127.1326768,4
조합설립인가,여의도동 28번지 광장아파트 주택재건축정비사업,43042.0,재건축,조합 설립 전,서울시 영등포구 여의도동 28-0,37.5207571,126.9208125,4
조합설립인가,월드빌라소규모재건축정비사업,7808.0,소규모재건축,조합 설립 전,서울시 구로구 궁동 236-1번지 외 9필지,37.4965789,126.8254079,4
조합설립인가,(가칭)당곡역지역주택조합사업,58571.1,지역주택,조합 설립 전,서울시 관악구 신림동 1448-1,37.4892374,126.9237523,4
조합설립인가,석관1의7구역 가로주택정비사업,9801.08,가로주택정비,조합 설립 전,서울시 성북구 석관동 332-46번지,37.6075835,127.0594456,4
조합설립추진위원회승인,마로포1구역 제23지구 도시정비형 재개발사업,4243.5,재개발(도시정비형),조합 설립 전,서울시 마포구 마포동 350-0,37.5362976,126.9439291,3
조합설립추진위원회승인,우창연립,5149.0,재건축,조합 설립 전,서울시 금천구 가산동 547-44번지,37.4778336,126.8776884,3
조합설립인가,문래동4가 도시환경정비구역,94087.0,재개발(도시정비형),조합 설립 전,서울시 문래동4가 23-6,37.5150492,126.890374,4
조합설립인가,장미123차아파트 주택재건축정비사업,343266.7,재건축,조합 설립 전,서울시 송파구 신천동 7번지 11번지,37.5188846,127.0992806,4
조합설립인가,성락타운아파트소규모재건축사업,4733.0,소규모재건축,조합 설립 전,서울시 은평구 신사동 261-20,37.6016887,126.9062423,4
조합설립인가,성내동 288-1번지 일원 가로주택정비사업,9682.0,가로주택정비,조합 설립 전,서울시 강동구 성내동 288-1,37.5334889,127.1255734,4
조합설립추진위원회승인,신정3재정비촉진3-1구역,20536.9,재개발(도시정비형),조합 설립 전,서울시 양천구 신정3동 1190-1번지,37.5209391,126.8520155,3
조합설립인가,상도3동지역주택조합,23522.0,지역주택,조합 설립 전,서울시 동작구 상도동 356-159 (정비구역 면적은 사업계획 승인전 변경됨),37.502212,126.9336106,4
조합설립인가,영등포1-11 도시환경정비구역,17391.8,재개발(도시정비형),조합 설립 전,서울시 영등포구 영등포동5가 30번지,37.5211172,126.905614,4
조합설립인가,동소문제2구역 주택재개발정비사업,20657.3,재개발(주택정비형),조합 설립 전,서울시 동소문동2가 33번지 외 248필지,37.5883735,127.0071174,4
정비구역지정,문래동2?3가 도시환경정비사업,89056.0,재개발(도시정비형),조합 설립 전,서울시 문래동2가 14-84,37.5135111,126.8945776,2
조합설립인가,영등포1-12 재정비촉진구역,16256.0,재개발(도시정비형),조합 설립 전,서울시 영등포동5가 22-3,37.5203915,126.906205,4
조합설립인가,공덕 제6주택재개발정비구역,11301.4,재개발(주택정비형),조합 설립 전,서울시 마포구 공덕동 119번지,37.5481087,126.9559528,4
조합설립인가,고척6구역 가로부택정비사업,7965.0,가로주택정비,조합 설립 전,서울시 구로구 고척동 241-63,37.5058067,126.8490351,4
조합설립인가,신이문역세권 장기전세주택 도시정비형 재개발사업,39717.8,재개발(도시정비형),조합 설립 전,서울시 동대문구 이문동 168-1,37.6016021,127.0668335,4
조합설립인가,(가칭)영등포대림 지역주택조합,19750.5,지역주택,조합 설립 전,서울시 영등포구 대림동 700-1,37.4947976,126.9004203,4
조합설립인가,신반포20차아파트 주택재건축정비사업,9593.6,재건축,조합 설립 전,서울시 서초구 잠원동 60-78,37.5101412,127.0117299,4
조합설립인가,압구정아파트지구 특별계획구역5  재건축정비사업,789.87,재건축,조합 설립 전,서울시 강남구 압구정동 490-0,37.5303141,127.0388012,4
조합설립인가,신길음1구역 재개발정비사업,8390.0,재개발(도시정비형),조합 설립 전,서울시 길음동 31-1번지 일대,37.6119517,127.0299239,4
조합설립인가,신반포19차 25차(아) 재건축정비사업,26937.2,재건축,조합 설립 전,서울시 서초구 잠원동 61-2,37.5142166,127.010171,4
조합설립인가,중화우성타운 재건축정비사업,10388.0,재건축,조합 설립 전,서울시 중랑구 중화동 195-2,37.5979758,127.0812772,4
조합설립인가,신림동 미성아파트 주택재건축 정비구역,16706.1,재건축,조합 설립 전,서울시 관악구 신림동 1656번지,37.4825098,126.903436,4
조합설립인가,양평동 신동아아파트 주택재건축 정비사업,20619.0,재건축,조합 설립 전,서울시 영등포구 양평동1가 20번지,37.5221502,126.8865401,4
조합설립인가,수색1재정비촉진구역 도시환경정비사업조합,4424.0,재개발(도시정비형),조합 설립 전,서울시 은평구 수색동 311-9번지,37.5862554,126.8888623,4
조합설립인가,신성빌라 주택재건축정비사업 조합설립 추진위원회,4882.0,재건축,조합 설립 전,서울시 서초구 방배동 593-98,37.4744945,126.9937383,4
정비구역지정,영등포1-23 재정비촉진구역,11010.1,재개발(도시정비형),조합 설립 전,서울시 영등포동2가 213,37.5198988,126.9103336,2
정비구역지정,영등포1-25 재정비촉진구역,3451.4,재개발(도시정비형),조합 설립 전,서울시 영등포동2가 159,37.518906,126.9110963,2
조합설립추진위원회승인,가산1구역 주택재건축정비사업조합설립추진위원회,18744.81,재건축,조합 설립 전,서울시 금천구 가산동 146번지 일대,37.4781752,126.894549,3
조합설립추진위원회승인,독산4.5구역 단독주택재건축정비구역,31963.0,재건축,조합 설립 전,서울시 금천구 독산동 147-1 일대,37.4752116,126.8960685,3
정비구역지정,영등포1-5 재정비촉진구역,2805.2,재개발(도시정비형),조합 설립 전,서울시 영등포동5가 46-4,37.5223754,126.9055092,2
정비구역지정,영등포1-6 재정비촉진구역,2272.0,재개발(도시정비형),조합 설립 전,서울시 영등포동5가 64,37.5222127,126.9060088,2
정비구역지정,영등포1-7 재정비촉진구역,3596.6,재개발(도시정비형),조합 설립 전,서울시 영등포동5가 49-1,37.5222116,126.9067114,2
정비구역지정,영등포1-16 재정비촉진구역,5395.1,재개발(도시정비형),조합 설립 전,서울시 영등포동5가 34-46,37.5202389,126.9077864,2
정비구역지정,영등포1-17 재정비촉진구역,1759.1,재개발(도시정비형),조합 설립 전,서울시 영등포동2가 34-75,37.5201844,126.9083847,2
정비구역지정,영등포1-20 재정비촉진구역,9620.6,재개발(도시정비형),조합 설립 전,서울시 영등포동2가 256,37.5209124,126.9094503,2
정비구역지정,영등포1-22 재정비촉진구역,4614.7,재개발(도시정비형),조합 설립 전,서울시 영등포동2가 328-11,37.5194952,126.9090867,2
조합설립추진위원회승인,신반포25차아파트 일대 주택재건축정비사업조합설립추진위원회(예정),13619.9,재건축,조합 설립 전,서울시 서초구 잠원동 61-1,37.5148499,127.0093399,3
조합설립추진위원회승인,송파동 100번지 주택재건축 정비사업,24924.7,재건축,조합 설립 전,서울시 송파구 송파동 100번지,37.503508,127.1155938,3
정비구역지정,영등포1-8 재정비촉진구역,314.65,재개발(도시정비형),조합 설립 전,서울시 영등포동5가 38-3,37.5219712,126.9055855,2
정비구역지정,영등포1-10 재정비촉진구역,4021.1,재개발(도시정비형),조합 설립 전,서울시 영등포동5가 100,37.5216634,126.9068999,2
정비구역지정,영등포1-21 재정비촉진구역,11263.5,재개발(도시정비형),조합 설립 전,서울시 영등포동2가 229,37.5208284,126.9102585,2
정비구역지정,영등포1-9 재정비촉진구역,2184.6,재개발(도시정비형),조합 설립 전,서울시 영등포동5가 81-1,37.5219594,126.9060221,2
정비구역지정,영등포1-18 재정비촉진구역,4904.8,재개발(도시정비형),조합 설립 전,서울시 영등포동5가 6,37.5197347,126.9074347,2
조합설립인가,원효로풍전아파트소규모재건축정비사업조합,5171.0,소규모재건축,조합 설립 전,서울시 용산구 원효로4가 109-4,37.5327007,126.9541669,4
조합설립인가,정릉동 545-12번지 일대 가로주택정비사업,3437.0,가로주택정비,조합 설립 전,서울시 성북구 정릉동 545-12,37.6010187,127.0112405,4
조합설립인가,영등포1의2재정비촉진구역 도시환경정비사업,5392.0,재개발(도시정비형),조합 설립 전,서울시 영등포구 영등포동7가 76-5번지,37.5244922,126.9056452,4
정비구역지정,영등포1-24 재정비촉진구역,5264.8,재개발(도시정비형),조합 설립 전,서울시 영등포동2가 170,37.519282,126.9101932,2
조합설립추진위원회승인,미성아파트 주택재건축정비사업,40882.0,재건축,조합 설립 전,서울시 여의도동 37,37.5204817,126.9239722,3
정비구역지정,영등포1-19 재정비촉진구역,1944.8,재개발(도시정비형),조합 설립 전,서울시 영등포동2가 333,37.5195795,126.908263,2
조합설립추진위원회승인,중화동131-35일대 재건축정비구역,17971.0,재건축,조합 설립 전,서울시 중랑구 중화동 131-35,37.6008186,127.0857615,3
조합설립추진위원회승인,내자.필운구역 도시환경정비사업,20877.0,재개발(도시정비형),조합 설립 전,서울시 종로구 내자동 81번지,37.5752369,126.9714009,3
조합설립추진위원회승인,마포로 5-10구역 도시환경정비사업,8646.3,재개발(도시정비형),조합 설립 전,서울시 중구 중림동 186-1번지,37.5591336,126.9648443,3
조합설립추진위원회승인,강북3 도시환경정비구역,23995.0,재개발(도시정비형),조합 설립 전,서울시 강북구 미아동 45-32번지,37.6111032,127.0322135,3
조합설립추진위원회승인,수유1-1구역주택재건축 조합설립추진위원회,70000.0,재건축,조합 설립 전,서울시 강북구 수유동472-81번지일대,37.6322579,127.0174607,3
정비계획 수립,시흥동 남서울 럭키아파트 재건축 예정구역,51940.0,재건축,조합 설립 전,서울시 금천구 시흥동 1002-2,37.4480541,126.8989858,1
조합설립인가,대성연립주택재건축정비사업조합,903.0,재건축,조합 설립 전,서울시 강남구 논현동 191-4,37.5085944,127.0326174,4
조합설립추진위원회승인,중화동 324번지 일대주택재건축사업,17834.7,재건축,조합 설립 전,서울시 중랑구 중화동 324-0,37.5946021,127.0717745,3
조합설립추진위원회승인,강북5구역 도시환경정비사업,128.7,재개발(도시정비형),조합 설립 전,서울시 강북구 미아동 61-79,37.614445,127.0294675,3
조합설립추진위원회승인,반포경남아파트구역,62495.6,재건축,조합 설립 전,서울시 서초구 반포2동 1-8번지 외 3필지,37.5046056,126.9952655,3
조합설립추진위원회승인,봉천6-1구역 주택재건축정비사업,16000.0,재건축,조합 설립 전,서울시 관악구 봉천6동 63-39번지일대,37.4810602,126.9608566,3
조합설립추진위원회승인,신수 2구역 주택재건축 추진위원회,17264.5,재건축,조합 설립 전,서울시 마포구 신수동255-7번지,37.5454267,126.936505,3
조합설립인가,미아균형발전촉진지구 강북2구역 도시환경정비구역,18958.0,재개발(도시정비형),조합 설립 전,서울시 강북구 미아동 42-8번지,37.6105928,127.0308179,4
조합설립추진위원회승인,시범아파트,98843.0,재건축,조합 설립 전,서울시 영등포구 여의도동 50번지,37.520693,126.9371057,3
조합설립추진위원회승인,신월1구역,92546.13,재개발(주택정비형),조합 설립 전,서울시 양천구 신월동 159-192,37.5347269,126.8275169,3
조합설립추진위원회승인,용두제7 도시환경정비사업구역,2933.2,재개발(도시정비형),조합 설립 전,서울시 동대문구 용두동 53-6번지,37.5769622,127.0368459,3
조합설립인가,한양철우아파트 주택재건축정비사업조합,3585.4,재건축,조합 설립 전,서울시 용산구 한강로 3가 65-500번지,37.5235493,126.9691134,4
조합설립추진위원회승인,성수동 장미아파트 주택재건축 정비사업,11084.0,재건축,조합 설립 전,서울시 성동구 성수1가동 656-421번지 장미아파트,37.5430389,127.0460747,3
조합설립인가,경남1차주택재건축정비사업,3353.6,재건축,조합 설립 전,서울시 강서구 내발산동 716-20,37.5495681,126.8337443,4
조합설립추진위원회승인,용두제6 도시환경정비사업구역,1873.2,재개발(도시정비형),조합 설립 전,서울시 동대문구 용두동 53-1번지,37.5770534,127.0372573,3
조합설립추진위원회승인,면목제15구역 주택재건축정비사업조합설립추진위원회,12000.0,재건축,조합 설립 전,서울시 중랑구 면목동 172-1 일대,37.5847066,127.079527,3
조합설립추진위원회승인,상봉6재정비촉진구역,98342.1,재개발(도시정비형),조합 설립 전,서울시 중랑구 상봉2동 107-1번지,37.5941117,127.0868784,3
정비구역지정,돈의문 2구역 도시환경정비구역,6801.4,재개발(도시정비형),조합 설립 전,서울시 종로구 교남동 28번지,37.567949,126.9650443,2
조합설립추진위원회승인,신월2구역 주택재건축정비사업 조합설립추진위원회,15000.0,재건축,조합 설립 전,서울시 양천구 신월2동 487-4외 31필지,37.5240495,126.8435164,3
정비구역지정,영등포1-15 재정비촉진구역,1785.4,재개발(도시정비형),조합 설립 전,서울시 영등포동2가 34-4,37.5206548,126.9085213,2
조합설립추진위원회승인,후암동제1구역주택재건축정비사업조합설립추진위원회,100000.0,재건축,조합 설립 전,서울시 용산구 후암동 142-4번지 일대,37.548737,126.9746997,3
조합설립인가,왕궁아파트주택재건축정비사업조합,17621.5,재건축,조합 설립 전,서울시 용산구 이촌1동 300-11,37.5171578,126.9782418,4
조합설립추진위원회승인,신대방역세권 도시정비형 재개발정비사업,587.47,재개발(도시정비형),조합 설립 전,서울시 동작구 신대방동 600-14,37.4895897,126.9116806,3
조합설립인가,장위13의8구역 가로주택정비사업,8366.8,가로주택정비,조합 설립 전,서울시 성북구 장위동 219-114,37.6177901,127.0445696,4
조합설립인가,대광빌라 가로주택정비사업,5263.8,가로주택정비,조합 설립 전,서울시 성북구 안암동3가 54-0,37.5851329,127.0225221,4
조합설립인가,여의도 한양아파트 재건축정비사업,36363.0,재건축,조합 설립 전,서울시 영등포구 여의도동 42-0,37.5214745,126.9325037,4
조합설립인가,창신 1-6구역 도시정비형 재개발사업,3999.7,재개발(도시정비형),조합 설립 전,서울시 종로구 창신동 459-12,37.5713542,127.0120517,4
조합설립인가,가락현대6차아파트 가로주택정비사업조합,7549.06,가로주택정비,조합 설립 전,서울시 송파구 가락동 55번지,37.4972261,127.1226238,4
조합설립인가,고척동 241-11번지일대 가로주택정비사업,7990.18,가로주택정비,조합 설립 전,서울시 구로구 고척동 241-11번지,37.5073429,126.8481314,4
조합설립인가,소규모재건축사업,2146.85,소규모재건축,조합 설립 전,서울시 강서구 화곡동 359-124,37.5364111,126.8416089,4
조합설립인가,시흥동 920번지 일대 가로주택정비사업,6777.9,가로주택정비,조합 설립 전,서울시 금천구 시흥동 920-13,37.4505768,126.9077413,4
조합설립인가,자양7구역 주택재건축정비사업,44658.5,재건축,조합 설립 전,서울시 자양3동 464-40번지,37.532282,127.073471,4
조합설립추진위원회승인,봉천제13구역 공공재개발정비사업,12272.5,재개발(주택정비형),조합 설립 전,서울시 관악구 봉천동 913번지,37.4815011,126.9458974,3
조합설립인가,유천연립 소규모재건축정비사업조합,3823.0,소규모재건축,조합 설립 전,서울시 송파구 풍납동 147-1,37.5364162,127.1198028,4
조합설립추진위원회승인,도곡삼익아파트 재건축정비구역,17655.0,재건축,조합 설립 전,서울시 강남구 도곡동 869(논현로218),37.4908904,127.0421,3
조합설립인가,금호 제21 주택정비 재개발구역,75447.0,재개발(주택정비형),조합 설립 전,서울시 성동구 금호동3가 1번지,37.5503509,127.024386,4
조합설립인가,미아2재정비촉진구역,179566.0,재개발(주택정비형),조합 설립 전,서울시 강북구 미아동 403번지,37.617682,127.0250368,4
조합설립인가,잠실주공5단지주택재건축정비사업,358077.0,재건축,조합 설립 전,서울시 송파구 잠실동 27번지,37.5152448,127.0948683,4
조합설립인가,망우1구역 공공재건축정비사업조합,25109.6,재건축,조합 설립 전,서울시 중랑구 망우동 178-1,37.602757,127.1062861,4
조합설립인가,성수전략정비구역 제4지구,89828.0,재개발(주택정비형),조합 설립 전,서울시 성동구 성수동2가 219-4번지,37.5362581,127.0583218,4
조합설립인가,면목동 194번지일대 가로주택정비사업,7509.0,가로주택정비,조합 설립 전,서울시 중랑구 면목동 194번지,37.5847766,127.0763434,4
조합설립인가,성수전략정비구역 제2지구 주택재개발정비구역,131980.0,재개발(주택정비형),조합 설립 전,서울시 성동구 성수동2가 506번지,37.5377318,127.0527463,4
조합설립인가,서초진흥아파트 주택재건축정비구역(아파트지구),37874.9,재건축,조합 설립 전,서울시 서초동 1315,37.4973452,127.0226142,4
조합설립인가,신반포2차아파트 재건축정비사업구역(아파트지구),116070.9,재건축,조합 설립 전,서울시 서초구 잠원동 73번지,37.51023,127.0022228,4
조합설립인가,종암동 개운산마을 가로주택정비사업,5097.0,가로주택정비,조합 설립 전,서울시 성북구 종암동 81-188,37.6015225,127.0283174,4
조합설립인가,청파제1구역 재개발정비사업조합,32390.4,재개발(주택정비형),조합 설립 전,서울시 용산구 청파동2가 11-1번지,37.5468262,126.9687384,4
조합설립인가,성수1구역 주택재건축 정비사업구역,13122.5,재건축,조합 설립 전,서울시 성동구 성수동 656-1267번지,37.5361022,127.0554566,4
조합설립인가,정릉동 545-12번지 일대 가로주택정비사업,3411.5,가로주택정비,조합 설립 전,서울시 성북구 정릉동 545-12,37.6010187,127.0112405,4
조합설립인가,성북동300-5번지일대 가로주택정비사업,3644.0,가로주택정비,조합 설립 전,서울시 성북구 성북동 300-5,37.5966397,126.9924684,4
조합설립인가,정릉스카이연립 소규모재건축정비사업,2958.0,소규모재건축,조합 설립 전,서울시 성북구 정릉동 670-24,37.6089109,127.0036679,4
조합설립인가,강남원효성빌라 주택재건축정비사업,24729.0,재건축,조합 설립 전,서울시 서초구 반포동 591-1,37.4965396,126.9962188,4
조합설립인가,전농8구역주택재개발정비사업조합,93697.0,재개발(주택정비형),조합 설립 전,서울시 동대문구 전농동 204번지,37.5782021,127.0561862,4
조합설립인가,전농 재정비촉진구역,28202.4,재개발(도시정비형),조합 설립 전,서울시 동대문구 전농동 494번지,37.5773905,127.0475441,4
조합설립인가,신림1재정비촉진구역 주택재개발정비사업,233729.0,재개발(주택정비형),조합 설립 전,서울시 관악구 신림동 808-495,37.4704689,126.9324108,4
조합설립인가,안암1구역 주택재건축정비사업,15145.0,재건축,조합 설립 전,서울시 성북구 안암동3가 136-1번지,37.5823638,127.0249212,4
조합설립인가,장위14구역 주택재개발정비사업조합,145174.6,재개발(주택정비형),조합 설립 전,서울시 성북구 장위동 233-552번지,37.6126358,127.0436328,4
조합설립인가,한남 제5재정비촉진구역,183707.0,재개발(주택정비형),조합 설립 전,서울시 용산구 동빙고동 60-0,37.5223381,126.9960316,4
조합설립인가,삼호가든5차아파트 주택재건축정비사업조합,13691.6,재건축,조합 설립 전,서울시 서초구 반포동 30-1,37.5039445,127.0114879,4
조합설립추진위원회승인,장위3구역주택재개발정비사업조합,66011.0,재개발(주택정비형),조합 설립 전,서울시 성북구 장위동 305일대,37.6217685,127.048146,3
조합설립인가,신설제1구역 공공재개발 정비사업 주민대표회의,11204.15,재개발(주택정비형),조합 설립 전,서울시 동대문구 신설동 92-5,37.5761417,127.027071,4
조합설립인가,강변강서아파트 주택재건축정비사업조합,3774.9,재건축,조합 설립 전,서울시 용산구 이촌동 193-3 193-5,37.5235189,126.9592414,4
조합설립인가,성수전략정비구역 제3지구,114193.0,재개발(주택정비형),조합 설립 전,서울시 성동구 성수동2가 572-7번지,37.5371253,127.0568056,4
조합설립인가,(가칭)면목2동지역주택조합,192.14,지역주택,조합 설립 전,서울시 중랑구 면목동 192-0,37.5889405,127.0741752,4
조합설립인가,(가칭)사당2동 지역주택조합 추진위원회,54322.0,지역주택,조합 설립 전,서울시 동작구 사당동 68-8,37.4918723,126.9793721,4
조합설립인가,미아4-1구역주택재건축정비사업,51265.0,재건축,조합 설립 전,서울시 강북구 미아동 8-373번지,37.6155079,127.0389176,4
조합설립인가,방배동 528-3번지 일대,84934.0,재건축,조합 설립 전,서울시 방배동 528-3번지,37.479976,126.9861578,4
조합설립인가,미아제11구역 주택재개발정비사업,35891.0,재개발(주택정비형),조합 설립 전,서울시 강북구 미아동 791-108,37.6295944,127.0200044,4
조합설립인가,상계5재정비촉진구역,115964.1,재개발(주택정비형),조합 설립 전,서울시 노원구 상계동 109-43번지,37.6678009,127.0781639,4
정비구역지정,영등포1-1 재정비촉진구역,6887.4,재개발(도시정비형),조합 설립 전,서울시 영등포동7가 105-7,37.5248867,126.9069528,2
조합설립인가,북가좌제6구역 주택재건축정비구업,104656.0,재건축,조합 설립 전,서울시 서대문구 북가좌1동 372-1번지,37.574273,126.9101854,4
조합설립인가,삼익파크아파트 재건축사업,55945.0,재건축,조합 설립 전,서울시 강동구 길동 54번지,37.5438556,127.147483,4
조합설립인가,목화아파트 주택재건축정비사업조합설립추진위원회,11570.0,재건축,조합 설립 전,서울시 영등포구 여의도동 30번지,37.5260013,126.9326329,4
조합설립인가,(가칭)한강광장 지역주택조합,19164.5,지역주택,조합 설립 전,서울시 광진구 광장동 332-9,37.5486438,127.1065269,4
조합설립인가,창동 501-13번지 일원 가로주택정비사업,8103.0,가로주택정비,조합 설립 전,서울시 도봉구 창동 501-13,37.6340376,127.0406218,4
조합설립인가,서강빌라 소규모재건축사업,3492.0,소규모재건축,조합 설립 전,서울시 서대문구 홍제동 90-6,37.5831591,126.9490563,4
조합설립인가,번동3-1구역 가로주택정비사업,6967.1,가로주택정비,조합 설립 전,서울시 강북구 번동 413-44,37.6366466,127.0291414,4
조합설립추진위원회승인,염리5구역 주택재개발정비사업 조합설립추진위원회,81426.0,재개발(주택정비형),조합 설립 전,서울시 마포구 염리동 105,37.5483225,126.9461252,3
조합설립인가,망원동 459번지 가로주택정비사업,3846.3,가로주택정비,조합 설립 전,서울시 마포구 망원동 459-1,37.5531274,126.9013433,4
조합설립인가,사당동 206대시 1번지 일원 가로주택정비사업,7880.3,가로주택정비,조합 설립 전,서울시 동작구 사당동 206-1,37.4866385,126.9656935,4
조합설립인가,면목역2의1구역 가로주택정비사업,9464.4,가로주택정비,조합 설립 전,서울시 중랑구 면목동 139-52,37.5884116,127.0831542,4
조합설립인가,대조동 A2구역 가로주택정비사업,12518.99,가로주택정비,조합 설립 전,서울시 은평구 대조동 92-5,37.6135391,126.922858,4
조합설립추진위원회승인,신문로 2-12구역 공공재개발 정비사업,1237.1,재개발(도시정비형),조합 설립 전,서울시 종로구 신문로1가 158-0,37.569678,126.9755118,3
조합설립인가,용두1구역6지구 공공재개발사업 주민대표회의,20780.4,재개발(도시정비형),조합 설립 전,서울시 동대문구 용두동 14-1,37.5784201,127.0404622,4
조합설립인가,흑석2재정비촉진구역 재개발정비사업,45229.0,재개발(도시정비형),조합 설립 전,서울시 동작구 흑석동 99-3,37.5076037,126.9621956,4
조합설립인가,영등포 도심 역세권 도시정비형 재개발사업,23094.0,재개발(도시정비형),조합 설립 전,서울시 영등포구 영등포동4가 431-6,37.5165818,126.9055211,4
조합설립인가,상봉역4구역 가로주택정비사업조합,8552.0,가로주택정비,조합 설립 전,서울시 중랑구 상봉동 304-4,37.5995244,127.0854286,4
조합설립인가,사당동 192-1번지일대 신남성연립 가로주택정비사업조합,5726.0,가로주택정비,조합 설립 전,서울시 동작구 사당동 192-1,37.4892974,126.9641389,4
조합설립추진위원회승인,연희2구역 주택정비형 공공재개발사업,49745.0,재개발(주택정비형),조합 설립 전,서울시 서대문구 연희동 721-6,37.5769097,126.9321521,3
조합설립추진위원회승인,도곡우성아파트 재건축정비사업,20970.0,재건축,조합 설립 전,서울시 강남구 도곡동 934-10,37.4881978,127.0371153,3
조합설립인가,시흥동817번지 일대 가로주택정비사업,18695.29,가로주택정비,조합 설립 전,서울시 금천구 시흥동 817818169번지,37.4495276,126.9092894,4
조합설립인가,상도스타리움 지역주택조합,68258.0,지역주택,조합 설립 전,서울시 동작구 상도동 182-13,37.5031476,126.9393669,4
조합설립인가,(가칭)이수지역주택조합 추진위원회,10399.0,지역주택,조합 설립 전,서울시 동작구 사당동 150-10,37.4845654,126.9789189,4
조합설립인가,이수역지역주택조합 추진위원회,45586.0,지역주택,조합 설립 전,서울시 동작구 사당동 161-55,37.4864641,126.9772295,4
조합설립인가,면목본동5구역 가로주택정비사업,9169.9,가로주택정비,조합 설립 전,서울시 중랑구 면목동 109-18,37.586419,127.0894093,4
조합설립인가,정릉동 385-1번지 일대 가로주택정비사업,5094.59,가로주택정비,조합 설립 전,서울시 성북구 정릉동 385-1,37.6074083,127.0076471,4
조합설립인가,중화역 2의3구역 가로주택정비사업,9546.33,가로주택정비,조합 설립 전,서울시 중랑구 중화동 327-49,37.5985315,127.0741253,4
조합설립인가,자양번영로3나길 일대 가로주택정비사업,2307.5,가로주택정비,조합 설립 전,서울시 광진구 자양동 588-22,37.530259,127.0728861,4
조합설립인가,천호동 397-419번지 일대 주택정비형 재개발구역,1929.23,재개발(주택정비형),조합 설립 전,서울시 강동구 천호동 397-419,37.541922,127.1320399,4
조합설립인가,천호동145-66 일원 가로주택정비사업,9970.27,가로주택정비,조합 설립 전,서울시 강동구 천호동 145-66,37.5404115,127.1357075,4
조합설립인가,독산지역주택조합,3050.2,지역주택,조합 설립 전,서울시 금천구 독산동 954외 1필지,37.4774784,126.8992488,4
조합설립인가,대도연립 소규모재건축사업조합,7293.2,소규모재건축,조합 설립 전,서울시 금천구 시흥대로 73 대도연립,37.4409685,126.9025302,4
조합설립인가,개포우성6차아파트 재건축사업,20831.5,재건축,조합 설립 전,서울시 강남구 개포동 658-1,37.4762828,127.0568408,4
조합설립인가,삼익그린2차아파트 주택재건축정비사업구역,127828.0,재건축,조합 설립 전,서울시 강동구 명일동 15번지,37.5532944,127.1484591,4
조합설립인가,성산동 165-72일원 가로주택정비사업,18782.06,가로주택정비,조합 설립 전,서울시 마포구 성산동 165-72,37.5678842,126.9066528,4
조합설립인가,자양1의4구역 가로주택정비사업,8419.91,가로주택정비,조합 설립 전,서울시 광진구 자양동 249-2,37.5390893,127.0628392,4
정비구역지정,역촌역세권(대조동) 도시정비형 재개발사업,37274.5,재개발(도시정비형),조합 설립 전,서울시 은평구 대조동 59-1,37.6084954,126.9239672,2
조합설립인가,거여새마을구역 공공재개발정비사업,71922.4,재개발(주택정비형),조합 설립 전,서울시 송파구 거여동 549-0,37.4920593,127.1484437,4
조합설립인가,면목역 3의3구역 가로주택정비사업,8643.2,가로주택정비,조합 설립 전,서울시 중랑구 면목동 154-31,37.5857191,127.0824091,4
조합설립인가,공덕현대아파트 소규모재건축정비사업,8259.0,소규모재건축,조합 설립 전,서울시 마포구 공덕동 370-9,37.5482837,126.9501368,4
조합설립인가,(가칭)대림1동지역주택조합,27471.8,지역주택,조합 설립 전,서울시 영등포구 대림동 893-47,37.4965336,126.903921,4
조합설립인가,장위8구역 공공재개발정비사업,121634.0,재개발(주택정비형),조합 설립 전,서울시 성북구 장위동 85-0,37.6165475,127.0548313,4
조합설립인가,(가칭)여의샛강지역주택조합,56887.52,지역주택,조합 설립 전,서울시 영등포구 신길동 1367-1,37.5138383,126.9253442,4
조합설립인가,장미아파트 소규모재건축정비사업조합,7804.2,소규모재건축,조합 설립 전,서울시 중랑구 묵동 188-1,37.6059625,127.0794857,4
조합설립인가,오금동35-1번지일대 가로주택정비사업,3651.2,가로주택정비,조합 설립 전,서울시 송파구 오금동 35-1,37.5055349,127.129454,4
조합설립추진위원회승인,행당동248번지 일대 역세권활성화사업 도시정비형 재개발사업,11421.0,재개발(도시정비형),조합 설립 전,서울시 성동구 행당동 248-0,37.5597291,127.0362803,3
조합설립인가,석관1의1구역 가로주택정비사업조합,9745.0,가로주택정비,조합 설립 전,서울시 성북구 석관동 334-69,37.609311,127.0569168,4
조합설립인가,미아2구역 가로주택정비사업,6745.94,가로주택정비,조합 설립 전,서울시 강북구 미아동 90-45,37.6158955,127.0316744,4
조합설립인가,망원동 456번지 가로주택정비사업,9828.9,가로주택정비,조합 설립 전,서울시 마포구 망원동 456-2,37.5543866,126.9012235,4
조합설립인가,종암동 112번지 일대 가로주택정비사업,6232.0,가로주택정비,조합 설립 전,서울시 성북구 종암동 112-37,37.600762,127.0396365,4
조합설립인가,중화역2의1구역 가로주택정비사업조합,9960.59,가로주택정비,조합 설립 전,서울시 중랑구 중화동 329-38번지,37.6002409,127.0757904,4
조합설립인가,광장동 삼성1차아파트 소규모재건축정비사업,7653.0,소규모재건축,조합 설립 전,서울시 광진구 광장동 561번지,37.5414998,127.1032682,4
조합설립인가,사당3동 지역주택조합,34353.4,지역주택,조합 설립 전,서울시 동작구 사당동 155-4,37.4846083,126.9770624,4
조합설립인가,(가칭)상도트인시아지역주택조합 추진위원회,22748.2,지역주택,조합 설립 전,서울시 동작구 상도동 194-27,37.5018423,126.9368027,4
조합설립인가,번동9구역 가로주택정비사업조합,4946.08,가로주택정비,조합 설립 전,서울시 강북구 번동 458-31,37.6383937,127.033867,4
조합설립인가,천호동 221번지 일대 가로주택정비사업조합,8422.11,가로주택정비,조합 설립 전,서울시 강동구 천호동 221번지,37.5459475,127.1358239,4
조합설립인가,가락1차현대아파트 주택재건축사업,33953.7,재건축,조합 설립 전,서울시 송파구 동남로 160 (문정동 3번지),37.4902962,127.120169,4
조합설립인가,홍제동266-238번지 일대 가로주택정비사업,4989.6,가로주택정비,조합 설립 전,서울시 서대문구 홍제동 266-238번지,37.5927555,126.9466438,4
조합설립인가,마장세림아파트 주택재건축정비구역,38866.05,재건축,조합 설립 전,서울시 성동구 마장동 784번지,37.5652954,127.0451834,4
조합설립인가,(가칭)전농지역주택조합,25980.0,지역주택,조합 설립 전,서울시 동대문구 전농동 60-22번지,37.5788348,127.0576881,4
조합설립인가,장위13의9구역 가로주택정비사업,3805.0,가로주택정비,조합 설립 전,서울시 성북구 장위동 232-125,37.6144603,127.0474601,4
조합설립인가,(가칭)황학동310번지일대 지역주택조합,9446.27,지역주택,조합 설립 전,서울시 중구 황학동 310-0,37.56747,127.0190586,4
조합설립인가,(가칭)뉴신길지역주택조합,228.79,지역주택,조합 설립 전,서울시 영등포구 신길동 420-92,37.5012206,126.9043582,4
조합설립인가,광장아파트 38-1 재건축정비사업조합,10167.0,재건축,조합 설립 전,서울시 영등포구 여의도동 38-1,37.5198916,126.9221139,4
조합설립인가,여의도 공작아파트 재건축정비사업,16929.0,재건축,조합 설립 전,서울시 영등포구 여의도동 21-2,37.526516,126.9298378,4
조합설립인가,(가칭)황학동1010일대 지역주택조합,7822.7,지역주택,조합 설립 전,서울시 중구 황학동 1010-0,37.5674103,127.0214109,4
조합설립인가,황학동 청계 지역주택조합,6256.51,지역주택,조합 설립 전,서울시 중구 황학동 2085-0,37.5693361,127.02022,4
조합설립인가,가로주택정비사업,182.35,가로주택정비,조합 설립 전,서울시 강서구 염창동 253-1,37.550488,126.8758892,4
조합설립인가,강북5구역,12870.0,재개발(도시정비형),조합 설립 전,서울시 강북구 미아동 61-79,37.614445,127.0294675,4
조합설립인가,대방동 지역주택조합,12851.22,지역주택,조합 설립 전,서울시 동작구 대방동 11-103,37.5066579,126.9321757,4
조합설립인가,(가칭)봉천동 지역주택조합 추진위원회,25631.75,지역주택,조합 설립 전,서울시 관악구 봉천동 690-0,37.4902457,126.9309214,4
정비구역지정,남구로역세권 공공임대주택 도시정비형 재개발사업,10832.4,재개발(도시정비형),조합 설립 전,서울시 구로구 구로동 715-24,37.4868012,126.8846885,2
조합설립인가,화양동 32-12번지 가로주택정비사업,1588.4,가로주택정비,조합 설립 전,서울시 광진구 화양동 32-12,37.5457995,127.0686051,4
조합설립인가,번동10구역 가로주택정비사업,9510.2,가로주택정비,조합 설립 전,서울시 강북구 번동 471-118,37.639182,127.0322296,4
조합설립인가,면목역 3의2구역 가로주택정비사업조합,8273.6,가로주택정비,조합 설립 전,서울시 중랑구 면목동 153-51,37.585741,127.0816642,4
조합설립인가,가락쌍용1차아파트 리모델링주택조합,55641.4,리모델링,조합 설립 전,서울시 송파구 가락동 140-0,37.4955425,127.128118,4
조합설립인가,중화5구역 주택정비형 공공재개발사업,71465.9,재개발(주택정비형),조합 설립 전,서울시 중랑구 중화동 122-0,37.6015724,127.0849588,4
조합설립인가,봉천동 1535번지 일원 가로주택정비사업,2457.0,가로주택정비,조합 설립 전,서울시 관악구 봉천동 1535-37,37.4793954,126.9401693,4
조합설립인가,염창무학아파트 리모델링주택조합,8523.5,리모델링,조합 설립 전,서울시 강서구 염창동 255-0,37.5513945,126.8765575,4
조합설립인가,번동3-2구역 가로주택정비사업,7236.6,가로주택정비,조합 설립 전,서울시 강북구 번동 443-46,37.6355681,127.0270235,4
조합설립인가,방배대우가로주택정비사업,6827.0,가로주택정비,조합 설립 전,서울시 서초구 방배동 562-1,37.4761997,126.9909964,4
조합설립인가,석관1의2구역 가로주택정비사업조합,6661.0,가로주택정비,조합 설립 전,서울시 성북구 석관동 332-113,37.6078829,127.0581022,4
조합설립추진위원회승인,중림동 398 정비계획 수립(추정분담금),28315.5,재개발(주택정비형),조합 설립 전,서울시 중구 중림동 398-0,37.5604701,126.967805,3
조합설립인가,면목역1구역 가로주택정비사업,14203.5,가로주택정비,조합 설립 전,서울시 중랑구 면목동 1239-1,37.5914203,127.0896526,4
조합설립인가,면목역4구역 가로주택정비사업,16712.6,가로주택정비,조합 설립 전,서울시 중랑구 면목동 99-41,37.5904061,127.0904876,4
조합설립인가,망원동 454-3,8515.6,가로주택정비,조합 설립 전,서울시 마포구 망원동 454-3,37.5554031,126.8993735,4
조합설립인가,시흥동 933번지 일대 가로주택정비사업,11378.2,가로주택정비,조합 설립 전,서울시 금천구 시흥동 933-0,37.4485769,126.905753,4
조합설립인가,석촌역지역주택조합,4259.8,지역주택,조합 설립 전,서울시 송파구 석촌동 287-0,37.5043691,127.1071329,4
조합설립인가,오금역지역주택조합,15117.96,지역주택,조합 설립 전,서울시 송파구 오금동 36-1번지,37.5054621,127.1302138,4
조합설립인가,(가칭)상도동 약수터지역주택조합 추진위원회,10672.0,지역주택,조합 설립 전,서울시 동작구 상도동 210-110,37.4970555,126.9412731,4
조합설립인가,흑석1재정비촉진구역,26675.0,재개발(주택정비형),조합 설립 전,서울시 동작구 흑석동 43-7번지,37.5070809,126.9651765,4
조합설립인가,대림가락아파트 재건축정비구역,34284.1,재건축,조합 설립 전,서울시 송파구 방이동 217,37.507541,127.1241693,4
조합설립인가,신림동 655-78번지 일원 가로주택정비사업,7758.0,가로주택정비,조합 설립 전,서울시 관악구 신림동 655-78,37.4674252,126.9212244,4
조합설립인가,신당제10구역주택재개발정비사업,6389.34,재개발(주택정비형),조합 설립 전,서울시 중구 신당동 236-100,37.5642697,127.0121689,4
조합설립인가,석관1의8구역 가로주택정비사업조합,4607.8,가로주택정비,조합 설립 전,서울시 성북구 석관동 332-179,37.6065382,127.0593339,4
조합설립인가,신대방삼거리역지역주택조합,23465.0,지역주택,조합 설립 전,서울시 동작구 대방동 391-63,37.5012265,126.9264377,4
조합설립인가,(가칭)보라매센트럴 지역주택조합,34687.0,지역주택,조합 설립 전,서울시 동작구 신대방동 344-78,37.4956781,126.9269036,4
조합설립인가,번동8구역 가로주택정비사업,10176.79,가로주택정비,조합 설립 전,서울시 강북구 번동 458-2,37.6392214,127.0335401,4
조합설립인가,송파한양2차아파트 주택재건축정비사업조합설립추진위원회,54855.2,재건축,조합 설립 전,서울시 송파구 가락로192(송파동) 송파한양2차아파트,37.5050875,127.1161782,4
조합설립인가,(가칭)정릉역지역주택조합,3479.16,지역주택,조합 설립 전,서울시 성북구 정릉동 452-3,37.6030241,127.0110613,4
조합설립인가,돈암동역세권지역주택조합,13756.65,지역주택,조합 설립 전,서울시 성북구 돈암동 624 외 16필지,37.6016333,127.0248482,4
조합설립추진위원회승인,중산아파트 주택재건축정비사업,6378.0,재건축,조합 설립 전,서울시 용산구 이촌동 211-2,37.5297397,126.9532842,3
조합설립인가,신공덕지역주택조합,4795.0,지역주택,조합 설립 전,서울시 마포구 신공덕동 6-3 5-27,37.5466064,126.9564922,4
조합설립인가,천호동 337-30번지 일대 가로주택정비사업,6748.0,가로주택정비,조합 설립 전,서울시 강동구 천호동 337-30,37.5441672,127.1221647,4
조합설립인가,천호8재정비촉진구역 도시정비형 재개발사업,7613.0,재개발(도시정비형),조합 설립 전,서울시 강동구 천호동 166-4,37.5384348,127.1310621,4
조합설립인가,방화동286의1번지 한미아파트 가로주택정비사업,4089.0,가로주택정비,조합 설립 전,서울시 강서구 방화동 286-1,37.5738259,126.8151338,4
조합설립인가,노량진역 은하맨션 일대 가로주택정비사업,8987.0,가로주택정비,조합 설립 전,서울시 동작구 노량진동 84-24,37.5120533,126.9424009,4
조합설립인가,시흥5동1구역 919번지일원 가로주택정비사업,10397.0,가로주택정비,조합 설립 전,서울시 금천구 시흥동 919-0,37.4500304,126.9065648,4
정비구역지정,도시정비형 재개발사업,6801.4,재개발(주택정비형),조합 설립 전,서울시 종로구 교남동 28-0,37.567949,126.9650443,2
조합설립추진위원회승인,문래국화아파트 주택재건축정비사업,17794.6,재건축,조합 설립 전,서울시 영등포구 문래동3가 76-1,37.5163763,126.8927562,3
조합설립추진위원회승인,천호동532-2번지 주택정비형 재개발사업,24620.0,재개발(주택정비형),조합 설립 전,서울시 강동구 천호동 532-2,37.541042,127.130816,3
조합설립인가,숭인동61번지일대 가로주택정비사업,8175.0,가로주택정비,조합 설립 전,서울시 종로구 숭인동 61-103번지 (총124필지),37.5765685,127.015711,4
조합설립인가,창신1-10구역 도시정비형 재개발사업,2281.8,재개발(도시정비형),조합 설립 전,서울시 종로구 창신동 427-7,37.5706137,127.0124963,4
조합설립인가,송파미성아파트재건축정비사업,28959.7,재건축,조합 설립 전,서울시 송파구 송파동 161,37.5059443,127.1192556,4
조합설립추진위원회승인,면목7구역 주택정비형 재개발사업,58400.9,재개발(주택정비형),조합 설립 전,서울시 중랑구 면목동 69-14,37.5871342,127.0928755,3
조합설립인가,장위11-3구역 가로주택정비사업,8486.0,가로주택정비,조합 설립 전,서울시 성북구 장위동 65-107번지,37.6102754,127.054449,4
조합설립추진위원회승인,휘경제5 주택정비형 재개발구역,49397.0,재개발(주택정비형),조합 설립 전,서울시 동대문구 휘경동 43-188,37.5852881,127.0669663,3
조합설립인가,지역주택조합,51342.0,지역주택,조합 설립 전,서울시 영등포구 신길동 442-2,37.4989541,126.907092,4
조합설립인가,오금동147번지일원 가로주택정비사업,2593.9,가로주택정비,조합 설립 전,서울시 송파구 오금동 147-0,37.4993208,127.1400931,4
조합설립인가,양평유성 가로주택정비사업,3136.54,가로주택정비,조합 설립 전,서울시 영등포구 양평동6가 84-0,37.5433868,126.8890333,4
조합설립인가,가재울7재정비촉진구역 주택재개발정비사업조합,79696.0,재개발(주택정비형),조합 설립 전,서울시 서대문구 북가좌2동 73-1번지,37.581292,126.911326,4
조합설립인가,신정동 1152번지 일대 주택정비형 재개발사업,44082.8,재개발(주택정비형),조합 설립 전,서울시 양천구 신정동 1152-1,37.515918,126.8520462,4
조합설립인가,신월7동 2구역 주택정비형 공공재개발사업,98295.17,재개발(주택정비형),조합 설립 전,서울시 양천구 신월동 941-0,37.5209174,126.8322213,4
조합설립인가,서초동 삼성홈스테이 지역주택조합,1708.2,지역주택,조합 설립 전,서울시 서초구 서초동 1478-12,37.48159,127.0076954,4
조합설립인가,여의도 시범아파트 재건축 정비사업,109047.4,재건축,조합 설립 전,서울시 영등포구 여의도동 50번지,37.520693,126.9371057,4
조합설립인가,고척동 241-337번지 일대 가로주택정비사업,7993.11,가로주택정비,조합 설립 전,서울시 구로구 고척동 241-337,37.5065358,126.8473729,4
조합설립인가,(가칭)보라매지역주택조합,28035.0,지역주택,조합 설립 전,서울시 동작구 신대방동 364-190,37.4968841,126.9217086,4
조합설립인가,오성빌라 가로주택정비사업,4353.0,가로주택정비,조합 설립 전,서울시 노원구 상계동 322-8,37.6561886,127.068575,4
조합설립인가,남영동 업무지구 제2구역 도시정비형 재개발사업,17658.8,재개발(도시정비형),조합 설립 전,서울시 용산구 갈월동 92-0,37.5426935,126.971988,4
조합설립인가,장위9구역 공공재개발사업,84248.0,재개발(주택정비형),조합 설립 전,서울시 성북구 장위동 238-83,37.614137,127.0504056,4
조합설립인가,전농12주택재개발정비구역,16237.0,재개발(주택정비형),조합 설립 전,서울시 동대문구 전농동 643번지,37.5762983,127.0467005,4
조합설립인가,대신빌라소규모재건축사업,4877.96,소규모재건축,조합 설립 전,서울시 도봉구 창동 466-0,37.6372818,127.0418798,4
조합설립인가,신창연립가로주택정비사업,1694.5,가로주택정비,조합 설립 전,서울시 도봉구 창동 581-3,37.6397068,127.038507,4
조합설립추진위원회승인,영등포유통상가 시장정비사업,2175.41,재개발(도시정비형),조합 설립 전,서울시 영등포구 당산동2가 30-2,37.5224752,126.8939529,3
조합설립인가,석관1-3구역 가로주택정비사업,8486.0,가로주택정비,조합 설립 전,서울시 성북구 석관동 261-98,37.6072001,127.0586488,4
조합설립인가,방학성삼빌라가로주택정비사업,4289.11,가로주택정비,조합 설립 전,서울시 도봉구 방학동 343-0,37.6666819,127.0312721,4
정비계획 수립,가리봉2구역  주택재개발저비사업,40552.0,재개발(주택정비형),조합 설립 전,서울시 구로구 가리봉동 87-177,37.4835574,126.8851167,1
조합설립인가,여의도 대교아파트 재건축정비사업,33418.0,재건축,조합 설립 전,서울시 영등포구 여의도동 41-0,37.5221509,126.9336845,4
조합설립인가,면목역 3의1구역 가로주택정비사업조합,7434.7,가로주택정비,조합 설립 전,서울시 중랑구 면목동 152-1,37.5862289,127.0813035,4
조합설립인가,도봉동 625-80번지 일대 가로주택정비사업,7474.2,가로주택정비,조합 설립 전,서울시 도봉구 도봉동 625-80,37.675254,127.0457944,4
조합설립인가,한남4재정비촉진구역주택재개발정비사업조합설립추진위원회,160258.0,재개발(주택정비형),조합 설립 전,서울시 용산구 보광동 360-0,37.5268219,126.9982164,4
정비계획 수립,북아현4재정비촉진구역 도시정비형재개발사업,7078.0,재개발(도시정비형),조합 설립 전,서울시 서대문구 북아현동 221-7,37.5574502,126.9514874,1
조합설립인가,가로주택정비사업,8943.0,가로주택정비,조합 설립 전,서울시 강서구 화곡동 1130-7,37.5512053,126.8560601,4
조합설립추진위원회승인,상봉10재정비촉진구역 도시정비형 재개발사업,12008.6,재개발(도시정비형),조합 설립 전,서울시 중랑구 상봉동 50-1,37.5993004,127.0938851,3
조합설립인가,(가칭)개봉역 지역주택조합,12579.0,지역주택,조합 설립 전,서울시 구로구 개봉동 170-35,37.4961395,126.8584368,4
조합설립인가,중곡아파트공공재건축정비사업,10262.3,재건축,조합 설립 전,서울시 광진구 중곡동 190-26번지,37.5667787,127.0784143,4
조합설립인가,개봉3재건축정비사업,116473.0,재건축,조합 설립 전,서울시 구로구 개봉동 454-14,37.5010958,126.8547189,4
조합설립인가,한남동 한성아파트 가로주택정비사업,2202.0,가로주택정비,조합 설립 전,서울시 용산구 한남동 29-4,37.5345477,127.0090806,4
조합설립인가,지역주택조합,42647.1,지역주택,조합 설립 전,서울시 강서구 화곡동 424-63,37.5317435,126.8407872,4
조합설립인가,장위11-1구역 가로주택정비사업,5556.44,가로주택정비,조합 설립 전,서울시 성북구 장위동 68-435,37.6099284,127.0497825,4
조합설립인가,삼익맨숀아파트 재건축정비사업,49502.0,재건축,조합 설립 전,서울시 강동구 명일동 270-1,37.5472021,127.1477091,4
조합설립인가,미아1구역 가로주택정비사업,6439.44,가로주택정비,조합 설립 전,서울시 강북구 미아동 833-2,37.6257576,127.0168511,4
조합설립인가,신길역세권 공공임대주택 건립관련 재개발사업,25489.5,재개발(주택정비형),조합 설립 전,서울시 영등포구 신길동 39-3,37.5162144,126.9153802,4
조합설립인가,장승배기역 지역주택조합,5245.0,지역주택,조합 설립 전,서울시 동작구 상도동 363-10번지,37.5050245,126.9373598,4
조합설립인가,(가칭)용마산역세권지역주택조합,7800.0,지역주택,조합 설립 전,서울시 중랑구 면목동 371-134,37.5746431,127.0869827,4
조합설립인가,(가칭)상도메트로타운 지역주택조합 추진위원회,18148.1,지역주택,조합 설립 전,서울시 동작구 상도동 159-52,37.5012975,126.9483007,4
조합설립인가,사당3동 양지지역주택 조합,25951.0,지역주택,조합 설립 전,서울시 동작구 사당동 220-70,37.4869471,126.9700715,4
조합설립인가,갈현동 이화연립일원 가로주택정비사업,5351.0,가로주택정비,조합 설립 전,서울시 은평구 갈현동 259-7,37.6211019,126.9126835,4
조합설립인가,홍은동11-360번지 일원 가로주택정비사업조합,11599.6,가로주택정비,조합 설립 전,서울시 서대문구 홍은동 11-360,37.5993717,126.9468905,4
조합설립인가,미래빌라소규모재건축정비사업,5306.0,소규모재건축,조합 설립 전,서울시 구로구 오류동 68-21,37.4931473,126.8416982,4
조합설립인가,면목역 6의1구역 가로주택정비사업,9515.2,가로주택정비,조합 설립 전,서울시 중랑구 면목동 63-28,37.5845894,127.0932794,4
조합설립인가,압구정아파트지구 특별계획구역③ 재건축정비사업,360187.8,재건축,조합 설립 전,서울시 강남구 압구정동 369-1,37.5330263,127.0279257,4
조합설립인가,쌍문동137번지 지역주택조합,1662.1,지역주택,조합 설립 전,서울시 도봉구 쌍문동 137-94외 5필지,37.6514988,127.0312622,4
조합설립인가,장위11의4구역 가로주택정비사업,7189.72,가로주택정비,조합 설립 전,서울시 성북구 장위동 66-146,37.6108094,127.0543197,4
조합설립인가,신길13재정비촉진구역,15120.0,재건축,조합 설립 전,서울시 신길5동 340-1,37.5008296,126.9054056,4
조합설립추진위원회승인,청량리미주아파트 주택재건축정비사업,56785.0,재건축,조합 설립 전,서울시 동대문구 청량리동 235-1,37.5839304,127.0468075,3
조합설립인가,미성동 건영아파트 주택재건축정비사업,20789.0,재건축,조합 설립 전,서울시 관악구 신림동 746-43,37.4763136,126.9123218,4
조합설립인가,(가칭)등촌지역주택조합,45424.7,지역주택,조합 설립 전,서울시 강서구 등촌동 365-0,37.5502622,126.8582206,4
조합설립인가,미아3구역 가로주택정비사업,9489.3,가로주택정비,조합 설립 전,서울시 강북구 미아동 767-51,37.6239887,127.0220457,4
조합설립인가,마포로1구역 제10지구 도시정비형 재개발사업,3280.5,재개발(주택정비형),조합 설립 전,서울시 마포구 도화동 536,37.5425213,126.9473562,4
조합설립인가,마천1재정비촉진구역 주택재개발정비사업,148498.0,재개발(주택정비형),조합 설립 전,서울시 송파구 마천동 194-1,37.4981076,127.1534671,4
조합설립인가,(가칭)신대방역2단지 지역주택조합,122610.0,지역주택,조합 설립 전,서울시 관악구 신림동 475-83,37.4883182,126.9176861,4
조합설립인가,청량리재정비촉진지구 용두1구역(4지구) 도시정비형재개발사업,1923.0,재개발(도시정비형),조합 설립 전,서울시 동대문구 용두동 26-3,37.5770714,127.0392681,4
조합설립인가,지역주택조합,22362.61,지역주택,조합 설립 전,서울시 송파구 거여동 6-0,37.4982722,127.1423865,4
조합설립인가,종암동 3-745일대 가로주택정비사업,2082.0,가로주택정비,조합 설립 전,서울시 성북구 종암동 3-745,37.5985174,127.0367866,4
사업시행인가,대흥.성원.동진빌라주택재건축정비사업,56323.0,재건축,재건축 시행,서울시 구로구 온수동 45-32,37.4897829,126.8232682,5
착공신고,신사1구역 주택재건축정비사업조합,23174.0,재건축,재건축 시행,서울시 은평구 신사동 170-12,37.5911636,126.9072967,9
사업시행인가,불광5주택재개발정비구역,117939.0,재개발(주택정비형),재건축 시행,서울시 은평구 불광동 238 244 272번지,37.615652,126.9318499,5
착공신고,등촌1주택재건축정비구역,30762.9,재건축,재건축 시행,서울시 강서구 등촌동 366-24번지 및 강서구 등촌동 366-61번지,37.5490933,126.8596985,9
사업시행인가,성북제2구역주택재개발정비사업,75072.8,재개발(주택정비형),재건축 시행,서울시 성북동 226-103번지,37.5931791,126.991035,5
사업시행인가,신반포12차아파트 주택재건축정비사업,17712.2,재건축,재건축 시행,서울시 서초구 잠원로 14길 41,37.5161592,127.0147093,5
관리처분인가,세림연립재건축정비사업,3234.1,재건축,재건축 시행,서울시 강서구 등촌1동 656-35 일원,37.5557752,126.8598043,6
관리처분인가,신길동 4377 일원 가로주택정비사업,1207.0,가로주택정비,재건축 시행,서울시 영등포구 신길동 4377,37.4973144,126.9160694,6
관리처분인가,증산5 재정비 촉진구역 주택 재개발 정비 사업,112573.0,재개발(주택정비형),재건축 시행,서울시 은평구 증산동 195번지,37.5880995,126.9105706,6
사업시행인가,서초중앙하이츠1구역 주택재건축정비사업,3593.7,재건축,재건축 시행,서울시 서초구 방배동 1000-4,37.4792866,127.0038998,5
관리처분인가,한남 제3재정비촉진구역,393729.0,재개발(주택정비형),재건축 시행,서울시 용산구 한남동 686-0,37.533715,126.999569,6
사업시행인가,북아현3 재정비촉진구역 주택재개발 정비사업조합,263100.0,재개발(주택정비형),재건축 시행,서울시 서대문구 북아현동 3-66번지,37.5634154,126.9579606,5
사업시행인가,뉴서울아파트 개나리 열망연립 재건축정비사업,14656.0,재건축,재건축 시행,서울시 관악구 신림동 739,37.4705219,126.9111073,5
착공신고,개포1동 주공아파트 주택재건축 정비사업조합,399741.7,재건축,재건축 시행,서울시 강남구 개포1동 660번지,37.4775986,127.0581924,9
착공신고,둔촌주공아파트 주택재건축사업 정비구역,626232.5,재건축,재건축 시행,서울시 강동구 둔촌1동 170-1일대,37.5228859,127.140539,9
사업시행인가,구로동 440번지일대(보광아파트) 주택재건축정비구역,32953.0,재건축,재건축 시행,서울시 구로구 구로동 440-0,37.4953222,126.88603,5
사업시행인가,신정재정비촉진지구 제1구역 3지구 주택재개발 정비사업,11363.8,재개발(주택정비형),재건축 시행,서울시 양천구 신월동 606-0,37.5200991,126.8463367,5
관리처분인가,갈현 제1주택재개발 정비사업,238850.9,재개발(주택정비형),재건축 시행,서울시 은평구 갈현동 300번지 일대,37.625702,126.9144579,6
일반분양승인,행당제7구역주택재개발사업,48345.3,재개발(주택정비형),재건축 시행,서울시 성동구행당1동128번지,37.5598639,127.0354473,10
철거신고,방배 14구역주택재건축 정비구역,27460.0,재건축,재건축 시행,서울시 특별시 서초구 방배동 975-35,37.4812729,126.9912349,8
사업시행인가,홍은1구역 공공재개발사업,11571.0,재개발(도시정비형),재건축 시행,서울시 서대문구 홍은동 48-163,37.5923072,126.9423873,5
착공신고,잠실진주APT 재건축정비사업,112558.5,재건축,재건축 시행,서울시 송파구 신천동 20-4 진주APT,37.5183789,127.110741,9
관리처분인가,노량진촉진4구역,40512.5,재개발(주택정비형),재건축 시행,서울시 노량진227-5,37.514082,126.941687,6
관리처분인가,수색 8구역 주택재개발 정비사업조합,29884000.0,재개발(주택정비형),재건축 시행,서울시 수색동 16-2번지,37.5836507,126.8990676,6
사업시행인가,강북3도시정비형재개발정비사업,24348.9,재개발(도시정비형),재건축 시행,서울시 강북구 미아동 45-32,37.6111032,127.0322135,5
착공신고,잠실미성크로바아파트주택재건축정비사업조합,75684.5,재건축,재건축 시행,서울시 송파구 신천동 17-6,37.517514,127.1070384,9
착공신고,반포아파트(제3주구) 주택재건축정비사업,117114.0,재건축,재건축 시행,서울시 반포본동 1109,37.4993689,126.9869145,9
사업시행인가,홍은동322-1일원 가로주택정비사업,7448.0,가로주택정비,재건축 시행,서울시 서대문구 홍은동 322-1,37.5855782,126.926855,5
착공신고,역촌1구역 주택재건축정비사업조합,32075.05,재건축,재건축 시행,서울시 역촌동189-1번지,37.6037528,126.9076997,9
사업시행인가,신안빌라 주택재건축정비사업,16400.1,재건축,재건축 시행,서울시 강서구 마곡동 327-53번지,37.5711694,126.8235679,5
관리처분인가,방배신동아아파트 재건축정비사업,37902.6,재건축,재건축 시행,서울시 서초구 방배동 988-1,37.4808701,127.0009449,6
일반분양승인,수색13재정비촉진구역(주택재개발사업),69727.0,재개발(주택정비형),재건축 시행,서울시 수색동 341-6번지,37.5857274,126.8928973,10
착공신고,유원제일1차아파트 주택재건축정비사업조합,17693.6,재건축,재건축 시행,서울시 영등포구 국회대로 29길13 유원제일1차아파트,37.5298434,126.8961174,9
사업시행인가,남성아파트,17147.1,재건축,재건축 시행,서울시 영등포구 문래동2가 35번지,37.5125877,126.8916007,5
사업시행인가,홍은동277-200번지 일대 가로주택정비사업,1150.0,가로주택정비,재건축 시행,서울시 서대문구 홍은동 277-200,37.579613,126.9335849,5
철거신고,신영제1구역 주택재개발정비사업,15589.3,재개발(주택정비형),재건축 시행,서울시 종로구 신영동 158-2번지,37.5999947,126.962512,8
관리처분인가,신당제8구역주택재개발 정비사업,58651.3,재개발(주택정비형),재건축 시행,서울시 중구 신당동 321번지 일대,37.5592538,127.015089,6
사업시행인가,방화3재정비촉진구역,92139.0,재건축,재건축 시행,서울시 강서구 방화동 615-103,37.5659513,126.8079635,5
사업시행인가,북아현2재정비촉진구역,120055.8,재개발(주택정비형),재건축 시행,서울시 서대문구 북아현동 520번지,37.5595793,126.9594278,5
관리처분인가,신일빌라 소규모재건축정비사업,2112.0,재건축,재건축 시행,서울시 중랑구 신내동 482-1,37.6028125,127.0974465,6
착공신고,영천 주택재개발 정비사업,11154.2,재개발(주택정비형),재건축 시행,서울시 영천동 69-20번지,37.5712106,126.960264,9
사업시행인가,청량리제6주택재개발정비구역,83883.1,재개발(주택정비형),재건축 시행,서울시 동대문구 청량리동 205번지 일대,37.589667,127.0429868,5
사업시행인가,번동3구역 가로주택정비사업,7374.1,가로주택정비,재건축 시행,서울시 강북구 번동 430-27,37.6354058,127.0356354,5
사업시행인가,상계1재정비촉진구역,86432.5,재개발(주택정비형),재건축 시행,서울시 자력6구역 8블럭9롯트7블럭57롯트상계동 6-42,37.6748144,127.0823813,5
일반분양승인,이문1재정비촉진구역,144856.0,재개발(주택정비형),재건축 시행,서울시 동대문구 이문동 257-42번지,37.6000833,127.0602304,10
일반분양승인,휘경3재정비촉진구역 주택재개발정비사업조합,65338.0,재개발(주택정비형),재건축 시행,서울시 동대문구 휘경동 172번지,37.5929679,127.0626324,10
일반분양승인,국제빌딩주변 제5구역 도시정비형 재개발사업,6106.4,재개발(도시정비형),재건축 시행,서울시 용산구 한강로2가 210-1번지,37.526189,126.9659406,10
관리처분인가,동선2구역주택재개발정비사업,15608.2,재개발(주택정비형),재건축 시행,서울시 동선동 304-2,37.5937751,127.0179706,6
착공신고,대조제1구역 주택재개발정비사업조합,111665.3,재개발(주택정비형),재건축 시행,서울시 은평구 대조동 88번지 등,37.612048,126.9233583,9
착공신고,청량리 제7구역 주택재개발 정비사업,35273.7,재개발(주택정비형),재건축 시행,서울시 동대문구 청량리동 199-0,37.5874761,127.0454485,9
착공신고,대명아파트 소규모재건축정비구역,5595.0,소규모재건축,재건축 시행,서울시 노원구 공릉동 270-71,37.620176,127.0812964,9
사업시행인가,수정아파트 재건축정비사업,8404.6,재건축,재건축 시행,서울시 양천구 신정동 733-31,37.5123258,126.8420703,5
착공신고,보문제5구역 주택재개발정비사업,10798.5,재개발(주택정비형),재건축 시행,서울시 성북구 보문동1가 196-11번지,37.5848717,127.0205326,9
사업시행인가,청량리제8구역 주택재개발정비사업조합,29001.0,재개발(주택정비형),재건축 시행,서울시 동대문구 청량리동 435번지,37.5854367,127.0445366,5
착공신고,삼선제5주택재개발정비사업,63918.5,재개발(주택정비형),재건축 시행,서울시 성북구 삼선동2가 296번지,37.5841189,127.0102958,9
착공신고,가재울8재정비촉진구역 재개발정비사업,13180.0,재개발(도시정비형),재건축 시행,서울시 서대문구 남가좌동 289-54번지 일대,37.5707358,126.9149067,9
일반분양승인,천호1구역 도시환경정비사업,38508.2,재개발(도시정비형),재건축 시행,서울시 강동구 천호동 423-200,37.5414355,127.1269611,10
사업시행인가,신반포27차아파트 주택재건축정비사업,5764.9,재건축,재건축 시행,서울시 서초구 잠원동 56-2번지 외 2필지,37.5157781,127.0098306,5
일반분양승인,중화1재정비촉진구역,44725.5,재개발(주택정비형),재건축 시행,서울시 중랑구 중화동 331-1번지,37.6029737,127.0756672,10
착공신고,가락현대5차아파트 소규모재건축정비사업구역,8214.0,소규모재건축,재건축 시행,서울시 송파구 가락동 161-3,37.4995701,127.1310652,9
사업시행인가,노량진 제3재정비촉진구역,73300.0,재개발(주택정비형),재건축 시행,서울시 동작구 노량진동 232-19번지,37.5104348,126.9405183,5
사업시행인가,신길10 재정비촉진구역,32234.0,재건축,재건축 시행,서울시 영등포구 신길동 3590-0,37.5012618,126.9106028,5
관리처분인가,등마루아파트재건축정비사업조합,1903.4,재건축,재건축 시행,서울시 강서구 염창동 275-5번지 (등마루아파트),37.5498404,126.8680363,6
사업시행인가,미아9-2주택재건축정비구역,102371.6,재건축,재건축 시행,서울시 강북구 미아동 137-72,37.619289,127.0304196,5
사업시행인가,상계2재정비촉진구역 주택재개발 정비사업,100819.4,재개발(주택정비형),재건축 시행,서울시 노원구 상계동 자력2구역 17블럭 1롯트,37.6729909,127.0703498,5
사업시행인가,양평제13구역 도시정비형 재개발사업(공공재개발사업),27441.7,재개발(도시정비형),재건축 시행,서울시 영등포구 양평동2가 33-20번지,37.5246541,126.88525,5
착공신고,홍은제13구역 주택재개발정비사업조합,36220.0,재개발(주택정비형),재건축 시행,서울시 홍은동 11-111번지 일대,37.6006319,126.9471997,9
관리처분인가,양평제12구영도시환경정비사업조합,37561.8,재개발(도시정비형),재건축 시행,서울시 영등포구 양평동1가 265-1,37.5248075,126.8868921,6
관리처분인가,홍제3구역주택재건축정비사업,27271.0,재건축,재건축 시행,서울시 서대문구 홍제동 104-41,37.5847163,126.9501375,6
관리처분인가,당산현대2차아파트 소규모재건축정비사업조합,6108.7,소규모재건축,재건축 시행,서울시 영등포구 당산동4가 92-0,37.5289656,126.8961349,6
사업시행인가,시흥동 무지개아파트 일대 재건축 정비사업,28336.0,재건축,재건축 시행,서울시 금천구 시흥동 109-1,37.4560726,126.8983011,5
사업시행인가,상계주공5단지 재건축사업,33854.6,재건축,재건축 시행,서울시 노원구 상계동 721,37.6527768,127.0646469,5
사업시행인가,서초중앙하이츠2구역 주택재건축정비사업,3041.5,재건축,재건축 시행,서울시 서초구 방배동 1000-3,37.4799851,127.0034266,5
사업시행인가,도곡개포한신아파트 주택재건축정비사업,36473.0,재건축,재건축 시행,서울시 강남구 논현로36길 21 2층,37.4851194,127.0435891,5
착공신고,청담삼익아파트주택재건축정비사업구역,61823.9,재건축,재건축 시행,서울시 강남구 청담동 134-18,37.5221792,127.0600314,9
착공신고,홍실아파트 주택재건축,25655.8,재건축,재건축 시행,서울시 삼성동 79,37.5199695,127.0596373,9
사업시행인가,천호우성아파트 주택재건축정비사업,28323.5,재건축,재건축 시행,서울시 강동구 천호동 19-1,37.5497681,127.1388163,5
사업시행인가,대치쌍용1차아파트 재건축정비사업,47659.0,재건축,재건축 시행,서울시 강남구 대치동 66번지,37.4980827,127.0712194,5
착공신고,봉천 제4-1-2구역 주택재개발정비사업조합,55512.8,재개발(주택정비형),재건축 시행,서울시 관악구 봉천5-9동 산101번지,37.4898955,126.9595308,9
사업시행인가,번동 429-114 일원 가로주택정비사업조합,4517.7,가로주택정비,재건축 시행,서울시 강북구 번동 429-114번지,37.6363002,127.0369408,5
착공신고,시흥동 현대아파트 재건축정비사업,10559.1,재건축,재건축 시행,서울시 금천구 시흥동 220-2,37.4536019,126.9139174,9
관리처분인가,금호제16재개발정비구역,27485.0,재개발(주택정비형),재건축 시행,서울시 성동구 금호동2가 501-31,37.551416,127.018121,6
착공신고,장위제6구역주택재개발정비사업조합설립추진위원회,105163.9,재개발(주택정비형),재건축 시행,서울시 성북구 장위동 25-55,37.6158069,127.0588521,9
사업시행인가,오금동143번지일원 가로주택정비사업,2205.0,가로주택정비,재건축 시행,서울시 송파구 오금동 143-1,37.5004403,127.1388416,5
사업시행인가,가로주택정비사업,1478.0,가로주택정비,재건축 시행,서울시 강서구 방화동 584-1,37.5688256,126.8089634,5
관리처분인가,제기제6주택재개발 정비구역,24320.6,재개발(주택정비형),재건축 시행,서울시 동대문구 제기동 120-104번지,37.5873484,127.0393098,6
사업시행인가,한남 제2재정비촉진구역,114580.6,재개발(주택정비형),재건축 시행,서울시 용산구 보광동 272-3,37.5313038,126.9971115,5
착공신고,신반포21차아파트 주택재건축정비사업,8785.9,재건축,재건축 시행,서울시 서초구 잠원동 59-10번지 외 3필지,37.5091288,127.0135946,9
관리처분인가,마포로3구역 제3지구 도시환경정비구역,6217.32,재개발(도시정비형),재건축 시행,서울시 마포구 아현동 613-10,37.5526938,126.9557684,6
착공신고,방배5구역 주택재건축 정비사업,176496.1,재건축,재건축 시행,서울시 서초구 방배2동 946-8번지,37.4748879,126.9880929,9
착공신고,개봉제5 주택재건축 정비사업 조합,13099.1,재건축,재건축 시행,서울시 구로구 개봉1동 68번지,37.4987929,126.8454958,9
사업시행인가,한강삼익아파트 주택재건축정비사업,17191.0,재건축,재건축 시행,서울시 용산구 이촌동 300-301 일대,37.5184619,126.9760381,5
철거신고,월계동 재건축정비구역,14929.4,재건축,재건축 시행,서울시 월계동 487-17번지,37.6158485,127.0624615,8
관리처분인가,미아3재정비촉진구역 주택재개발정비사업조합,57553.4,재개발(주택정비형),재건축 시행,서울시 강북구 미아동 439번지 일대,37.6154151,127.0245295,6
관리처분인가,제기제4구역 주택재개발정비사업,33485.7,재개발(주택정비형),재건축 시행,서울시 동대문구 제기동 288번지,37.5850706,127.0422169,6
착공신고,문정동 136일대 재건축 정비구역,64974.9,재건축,재건축 시행,서울시 송파구 문정동 136번지,37.4894156,127.133279,9
철거신고,방배13구역 주택재건축정비사업,129891.4,재건축,재건축 시행,서울시 서초구 효령로 14다길 6,37.4782168,126.9906306,8
착공신고,사당3주택재건축정비사업구역,30647.5,재건축,재건축 시행,서울시 동작구 사당동 42번지,37.4918502,126.9803369,9
관리처분인가,역삼동(758 은하수 760) 주택재건축정비사업,12263.0,재건축,재건축 시행,서울시 역삼동 758번지,37.4974501,127.0480146,6
착공신고,도곡삼호아파트 주택재건축정비사업,11042.2,재건축,재건축 시행,서울시 강남구 도곡동 540번지 일대,37.4935694,127.0460174,9
관리처분인가,일원개포한신아파트 재건축사업,20876.0,재건축,재건축 시행,서울시 강남구 일원동 615-1,37.4912691,127.0793073,6
일반분양승인,길음역세권재정비촉진구역 주택재개발정비사업조합,13449.0,재개발(주택정비형),재건축 시행,서울시 성북구 길음동 542-1번지,37.6037412,127.023141,10
일반분양승인,천호4촉진구역,17281.0,재개발(도시정비형),재건축 시행,서울시 강동구 천호동 410-100번지 일원,37.5391244,127.128408,10
일반분양승인,이문3재정비촉진구역,137372.0,재개발(주택정비형),재건축 시행,서울시 동대문구 이문동 149-8,37.5984954,127.0635351,10
착공신고,공덕1구역 주택재건축,58472.0,재건축,재건축 시행,서울시 공덕동 105-84번지,37.5503031,126.9578534,9
착공신고,반포주공1단지(124주구) 주택재건축정비사업,370484.0,재건축,재건축 시행,서울시 서초구 반포동 810번지,37.5032876,126.987443,9
사업시행인가,신용산역북측 제1구역 도시환경저비사업,14343.0,재개발(도시정비형),재건축 시행,서울시 용산구 한강로2가 2-116,37.5329675,126.9701182,5
착공신고,길훈아파트 주택재건축정비사업,9973.6,재건축,재건축 시행,서울시 개봉동 312-38외 1필지,37.4836393,126.8511476,9
관리처분인가,월계동 동신아파트 주택재건축정비구역,43886.0,재건축,재건축 시행,서울시 노원구 월계동 436번지,37.6175521,127.0612663,6
관리처분인가,세광하니타운가로주택정비사업조합,6006.4,가로주택정비,재건축 시행,서울시 중랑구 중화동 296-44,37.5963486,127.079391,6
사업시행인가,가락상아(1차)아파트 주택재건축 정비사업,13580.0,재건축,재건축 시행,서울시 송파구 오금동 166-0,37.498554,127.1353379,5
관리처분인가,미아4재정비촉진구역,28517.0,재건축,재건축 시행,서울시 강북구 미아동 1261번지,37.6126807,127.0227103,6
착공신고,미아 제3구역 주택재개발,59465.0,재개발(주택정비형),재건축 시행,서울시 강북구 미아동 791-364번지,37.6274484,127.0186061,9
사업시행인가,신반포16차아파트주택재건축정비사업,12977.2,재건축,재건축 시행,서울시 서초구 잠원동 55-10,37.5180801,127.0109167,5
사업시행인가,사당5주택재건축정비사업,20265.0,재건축,재건축 시행,서울시 동작구 사당동 303 번지,37.4787333,126.9708953,5
관리처분인가,장위10구역주택재개발정비사업,94245.0,재개발(주택정비형),재건축 시행,서울시 성북구 장위동 68-37,37.6123248,127.0530098,6
착공신고,안암제2구역주택재개발정비사업조합,11189.2,재개발(주택정비형),재건축 시행,서울시 성북구 안암동3가 132-17번지,37.5858348,127.0240362,9
착공신고,동작1주택재건축 정비구역,20520.3,재건축,재건축 시행,서울시 동작구 동작동 102번지,37.4969264,126.9816716,9
착공신고,대치동 구마을 제3지구,14833.7,재건축,재건축 시행,서울시 강남구 대치동 964번지,37.5031391,127.0601054,9
관리처분인가,고척제4구역주택재개발조합,41675.0,재개발(주택정비형),재건축 시행,서울시 구로구 고척동 148번지,37.5041139,126.8584775,6
일반분양승인,신반포4지구 재건축정비사업조합,158555.8,재건축,재건축 시행,서울시 서초구 잠원동 60-3 외24필지,37.5116533,127.0123761,10
관리처분인가,흑석11 재정비촉진구역 주택재개발정비사업,86529.1,재개발(주택정비형),재건축 시행,서울시 동작구 흑석동 304번지,37.5055067,126.9691634,6
일반분양승인,[천호재정비촉진지구]천호3 주택재건축정비사업,23083.7,재건축,재건축 시행,서울시 강동구 천호동 423-76,37.5426889,127.1266778,10
사업시행인가,용산구 원효로 산호아파트 재건축정비사업,27117.3,재건축,재건축 시행,서울시 용산구 원효로4가 118-16번지,37.5327153,126.9503809,5
착공신고,신반포18차 337동 주택재건축정비사업,5917.7,재건축,재건축 시행,서울시 서초구 잠원동 49-17번지,37.5200247,127.0133475,9
일반분양승인,수색7재정비촉진구역 주택재개발정비사업조합,31793.6,재개발(주택정비형),재건축 시행,서울시 은평구 수색동 189,37.5847747,126.8983305,10
사업시행인가,번동 4구역 가로주택정비사업,10192.9,가로주택정비,재건축 시행,서울시 강북구 번동 428-4,37.6346374,127.0373881,5
사업시행인가,한남하이츠아파트 재건축정정비사업,48837.5,재건축,재건축 시행,서울시 옥수동 220-1,37.5397394,127.0141579,5
관리처분인가,79. 진주아파트 주택재건축정비사업,11188.1,재건축,재건축 시행,서울시 영등포구 문래동5가 22번지,37.5171735,126.8847859,6
관리처분인가,방화5재정비촉진구역 재건축정비사업,98737.0,재건축,재건축 시행,서울시 강서구 공항동 18번지,37.5642427,126.8133546,6
사업시행인가,신용산역북측제2구역 도시정비형재개발정비사업조합,22380.0,재개발(도시정비형),재건축 시행,서울시 용산구 한강로2가 2-194호,37.530793,126.9674459,5
관리처분인가,오류동 현대연립 재건축 정비사업,23318.7,재건축,재건축 시행,서울시 구로구 오류동 156-15번지,37.4890753,126.8412519,6
사업시행인가,고척동 산업인아파트 주택재건축정비사업,17052.0,재건축,재건축 시행,서울시 구로구 고척동 57-9,37.5047345,126.8669787,5
사업시행인가,대치우성1차아파트 주택재건축정비사업,28793.0,재건축,재건축 시행,서울시 강남구 대치동 63-0,37.5002334,127.0691394,5
사업시행인가,잠실우성4차아파트,31961.1,재건축,재건축 시행,서울시 송파구 잠실본동 320번지,37.5067945,127.0830482,5
사업시행인가,사직2구역 도시환경정비사업구역,34268.84,재개발(도시정비형),재건축 시행,서울시 종로구 사직동 311-10번지,37.5736321,126.9663286,5
관리처분인가,노량진7재정비촉진구역,33613.0,재개발(주택정비형),재건축 시행,서울시 동작구 대방동 13-31번지,37.5065757,126.9335958,6
사업시행인가,정릉7주택재건축정비사업,2134.0,재건축,재건축 시행,서울시 정릉동 506-159,37.6014593,127.0083396,5
사업시행인가,신정4재정비촉진구역 주택재건축정비사업,82065.2,재건축,재건축 시행,서울시 양천구 신정동 1200-1,37.5208013,126.8498015,5
관리처분인가,제기1 주택재건축정비사업,9632.7,재건축,재건축 시행,서울시 동대문구 제기동 892-68,37.579179,127.0355943,6
관리처분인가,신월곡 제1구역 도시환경정비사업,55112.0,재개발(도시정비형),재건축 시행,서울시 성북구 하월곡동 88번지 일대,37.6059797,127.0277905,6
착공신고,장위4구역 주택재개발정비사업조합,153501.0,재개발(주택정비형),재건축 시행,서울시 성북구 장위동 62-1번지,37.6135897,127.0565872,9
관리처분인가,정릉3동 주택재개발,203965.0,재개발(주택정비형),재건축 시행,서울시 성북구 정릉동 757번지,37.6141814,127.0027096,6
철거신고,방화6재정비촉진구역,31554.2,재건축,재건축 시행,서울시 강서구 방화동 609-0,37.5653857,126.813543,8
착공신고,풍납동 성도연립 가로주택정비사업,1215.8,가로주택정비,재건축 시행,서울시 송파구 풍납동 406-0,37.529208,127.1171665,9
사업시행인가,쌍용아파트2차 주택재건축정비사업,24484.4,재건축,재건축 시행,서울시 강남구 대치동 65,37.4994722,127.0704835,5
일반분양승인,신림3재정비촉진구역,35136.4,재개발(주택정비형),재건축 시행,서울시 관악구 신림동 316-55,37.4609156,126.933327,10
착공신고,도봉제2주택재개발구역,13436.3,재개발(주택정비형),재건축 시행,서울시 도봉구 도봉동 95,37.6733446,127.0470352,9
사업시행인가,상봉7재정비촉진구역,16503.1,재개발(도시정비형),재건축 시행,서울시 중랑구 상봉동 88,37.5958531,127.0903727,5
일반분양승인,수색6재정비촉진구역주택재개발정비사업조합,66062.0,재개발(주택정비형),재건축 시행,서울시 은평구 수색동 115-5번지 일대,37.5836309,126.8953236,10
착공신고,방배6구역주택재건축정비사업조합,63214.7,재건축,재건축 시행,서울시 서초구 방배4동 818-14번지,37.489857,126.990266,9
관리처분인가,장미아파트주택재건축정비사업,11084.0,재건축,재건축 시행,서울시 성동구 성수동1가 656-421,37.5429952,127.0459396,6
관리처분인가,노량진2재정비촉진구역,16072.3,재개발(주택정비형),재건축 시행,서울시 동작구 노량진동 312-75번지,37.5074713,126.9392392,6
관리처분인가,노량진5 재정비촉진구역 주택재개발정비사업조합,38017.0,재개발(주택정비형),재건축 시행,서울시 노량진동 270-3,37.5117827,126.9350198,6
관리처분인가,노량진6재정비촉진구역,73892.0,재개발(주택정비형),재건축 시행,서울시 동작구 노량진동 294-220번지,37.5088909,126.9350128,6
관리처분인가,한강맨션아파트주택재건축정비사업조합,84096.8,재건축,재건축 시행,서울시 용산구 이촌로 248 한강맨션,37.5187842,126.9734765,6
사업시행인가,가락삼익맨숀아파트 재건축정비사업,59721.7,재건축,재건축 시행,서울시 송파구 송파동 166번지,37.504216,127.1213083,5
관리처분인가,마천4 재정비촉진구역 주택재개발정비사업조합설립(변경)인가서,60080.8,재개발(주택정비형),재건축 시행,서울시 마천동 323번지 일대,37.4912108,127.1562395,6
사업시행인가,방배7구역 주택재건축정비사업,17549.8,재건축,재건축 시행,서울시 서초구 방배동 891-3번지,37.4875153,126.997382,5
관리처분인가,흑석9재정비촉진구역,94579.2,재개발(주택정비형),재건축 시행,서울시 동작구 흑석동 90번지,37.5048785,126.9621525,6
사업시행인가,한양3차아파트 재건축정비사업,20080.7,재건축,재건축 시행,서울시 송파구 방이동 225-0,37.506137,127.1226568,5
사업시행인가,노량진1재정비촉진구역,132132.0,재개발(주택정비형),재건축 시행,서울시 동작구 노량진동278-4번지,37.5119322,126.9361669,5
착공신고,신반포22차(아)주택재건축정비사업,9168.8,재건축,재건축 시행,서울시 서초구 잠원동 65-33번지,37.5116669,127.0072482,9
관리처분인가,노량진8 재정비촉진구역 주택재개발정비사업조합,55742.9,재개발(주택정비형),재건축 시행,서울시 동작구 대방동 23-61번지,37.5114464,126.9321679,6
관리처분인가,원일빌라주택재건축정비사업조합,5597.0,재건축,재건축 시행,서울시 강서구 방화동 278-7번지,37.5724736,126.8161244,6
사업시행인가,개포주공6.7단지아파트 재건축정비구역,116684.1,재건축,재건축 시행,서울시 강남구 개포동 185,37.4888759,127.0716679,5
착공신고,방배삼익아파트주택재건축,29470.2,재건축,재건축 시행,서울시 서초구 방배동 1018-1,37.4788755,127.0015896,9
사업시행인가,번동5구역 가로주택정비사업,9617.3,가로주택정비,재건축 시행,서울시 강북구 번동 427-63,37.6352421,127.0370432,5
사업시행인가,가락미륭아파트 재건축정비사업,20296.6,재건축,재건축 시행,서울시 송파구 가락동 138-0,37.4937943,127.1285863,5
사업시행인가,번동2구역 가로주택정비사업,7816.9,가로주택정비,재건축 시행,서울시 강북구 번동 429-97,37.6358214,127.0366343,5
일반분양승인,용답동 주택재개발정비사업조합,73341.0,재개발(주택정비형),재건축 시행,서울시 성동구 용답동 108-1번지,37.5672597,127.0502825,10
착공신고,답십리제17구역 주택재개발정비사업,13850.9,재개발(주택정비형),재건축 시행,서울시 동대문구 답십리동 12번지,37.5663077,127.060416,9
사업시행인가,관악구 봉천동 4-1-3구역 주택재개발 정비사업,79832.0,재개발(주택정비형),재건축 시행,서울시 관악구 봉천동 480번지,37.4896975,126.9479244,5
관리처분인가,이문4재정비촉진구역,148977.2,재개발(주택정비형),재건축 시행,서울시 동대문구 이문동 86-1,37.5967642,127.066496,6
사업시행인가,한양연립 일대 가로주택정비사업,9877.8,가로주택정비,재건축 시행,서울시 광진구 구의동 592-39,37.5345272,127.0903086,5
사업시행인가,가락프라자아파트 주택재건축 정비구역,45808.8,재건축,재건축 시행,서울시 송파구 동남로18길 44(가락동 199),37.4938283,127.1331331,5
착공신고,흑석3재정비 촉진구역,103497.4,재개발(주택정비형),재건축 시행,서울시 흑석동253-89번지 외 808필지,37.5003133,126.9607837,9
사업시행인가,신길우성2?우창아파트 재건축사업,45767.0,재건축,재건축 시행,서울시 영등포구 여의대방로5길 6(신길동),37.5143681,126.9223267,5
사업시행인가,영등포 대선제분 일대 재개발1구역 제1지구 재개발사업,2200.7,재개발(도시정비형),재건축 시행,서울시 영등포구 문래동3가 16-32,37.5178932,126.9009894,5
사업시행인가,개포주공5단지아파트 주택재건축정비사업,56173.2,재건축,재건축 시행,서울시 강남구 개포동 187,37.4876225,127.0685038,5
사업시행인가,장안동 현대아파트 재건축정비사업,25244.0,재건축,재건축 시행,서울시 동대문구 장안동 95-1,37.5808823,127.0691204,5
철거신고,연희제1구역 주택재개발정비사업,55173.0,재개발(주택정비형),재건축 시행,서울시 서대문구 연희동 533번지,37.5709783,126.9212878,8
사업시행인가,홍은동355번지 일대 가로주택정비사업,7096.24,가로주택정비,재건축 시행,서울시 서대문구 홍은동 355-0,37.5832301,126.9247257,5
관리처분인가,영등포1의13구역 도시환경정비사업,27049.0,재개발(도시정비형),재건축 시행,서울시 영등포구 영등포동5가 32-8,37.5215868,126.9081459,6
철거신고,신림2재정비촉진구역 주택재개발정비사업조합,95797.5,재개발(주택정비형),재건축 시행,서울시 관악구 신림동 324-25번지,37.4657008,126.9300335,8
사업시행인가,삼환가락아파트 주택재건축정비사업조합,40749.2,재건축,재건축 시행,서울시 송파구 가락동 176-0,37.4953563,127.1367731,5
관리처분인가,서초 신동아아파트 주택재건축정비사업,56917.3,재건축,재건축 시행,서울시 서초구 서초동 1334번지,37.4904444,127.0245312,6
사업시행인가,응봉1주택재건축정비사업,39465.2,재건축,재건축 시행,서울시 성동구 응봉동 193-162번지,37.549089,127.0314539,5
조합해산,금호제13구역주택재개발정비사업조합,58244.3,재개발(주택정비형),재건축 완료,서울시 성동구 금호동2가 200-0,37.5530275,127.020416,13
조합해산,길음제8구역,104449.7,재개발(주택정비형),재건축 완료,서울시 성북구 길음동 612-10번지,37.6085948,127.0220461,13
준공인가,긴등마을 주택재건축 아파트 신축공사,316.68,재건축,재건축 완료,서울시 강서구 공항동 4-8,37.5539147,126.8089321,11
조합청산,방배경남아파트 주택재건축,37361.7,재건축,재건축 완료,서울시 서초구 방배동,37.4794939,126.9931207,12
준공인가,아현2구역주택재건축정비사업조합,65553.5,재건축,재건축 완료,서울시 마포구 아현동 662번지,37.555705,126.9504739,11
조합해산,전농제7구역주택재개발정비사업조합,151859.05,재개발(주택정비형),재건축 완료,서울시 동대문구 전농동 449-9,37.5797474,127.0557043,13
준공인가,홍은제6주택재건축정비사업구역,13020.0,재건축,재건축 완료,서울시 서대문구 홍은동 13-25번지,37.599995,126.9443368,11
조합청산,월계제4 주택재개발정비구역,23525.6,재개발(주택정비형),재건축 완료,서울시 노원구 월계동 672번지,37.6364747,127.0525166,12
조합해산,염리제3 주택재개발정비사업,87952.2,재개발(주택정비형),재건축 완료,서울시 마포구 염리동 507번지 일원,37.5491616,126.9472617,13
조합해산,아현 제3구역 주택재개발정비사업,207508.3,재개발(주택정비형),재건축 완료,서울시 마포구 아현동 635번지,37.5544849,126.9562273,13
조합청산,성동구금호제17주택재개발구역정비사업,24267.8,재개발(주택정비형),재건축 완료,서울시 성동구 금호동2가 566,37.5530275,127.020416,12
조합해산,돈암제5구역주택배개발정비사업조합,20990.0,재개발(주택정비형),재건축 완료,서울시 성북구 돈암동 13-7 일대,37.5998253,127.0228224,13
이전고시,태릉현대아파트 주택재건축정비구역,76418.0,재건축,재건축 완료,서울시 노원구 공릉로 34길 74,37.6242348,127.0814596,7
이전고시,태원연립 주택 재건축 정비사업 신축공사,1080.7,재건축,재건축 완료,서울시 강서구 등촌동 651번지,37.5538616,126.8598627,7
조합청산,영등포1-4구역 도시환경정비사업,58131.8,재개발(도시정비형),재건축 완료,서울시 영등포구 영등포동7가 145-8,37.5242915,126.9071195,12
이전고시,수색9재정비촉진구역주택재개발정비사업조합,36458.6,재개발(주택정비형),재건축 완료,서울시 수색동 30번지 일대,37.5884768,126.8999586,7
조합해산,정릉길음제9구역,69998.6,재개발(주택정비형),재건축 완료,서울시 성북구 정릉동 10,37.6049128,127.0185708,13
조합해산,거여2-2지구,61850.1,재개발(주택정비형),재건축 완료,서울시 송파구 거여동 234-0,37.4931418,127.1505847,13
조합해산,보문제4구역 주택재개발 정비구역,31252.9,재개발(주택정비형),재건축 완료,서울시 보문동3가 225번지 일대,37.5819284,127.0162947,13
조합해산,답십리제14주택재개발구역,32729.7,재개발(주택정비형),재건축 완료,서울시 동대문구 답십리동 25-0,37.5713895,127.0567364,13
조합해산,모진연립 주택재건축정비사업,2159.0,재건축,재건축 완료,서울시 광진구 화양동 499-18외 1필지,37.5458326,127.0745268,13
조합해산,창전1구역 주택재건축 정비구역,14770.4,재건축,재건축 완료,서울시 마포구 창전동27-19번지,37.5506586,126.9310253,13
이전고시,성내미주아파트 주택재건축 정비사업,18416.9,재건축,재건축 완료,서울시 강동구 성내동 547-1,37.5274774,127.1274385,7
조합해산,만리제2주택재개발정비구역,67199.3,재개발(주택정비형),재건축 완료,서울시 중구 만리동2가 176-1,37.5540378,126.9638626,13
준공인가,개포택지 개발지구 주공4단지 정비구역,179794.9,재건축,재건축 완료,서울시 강남구 개포동 189번지,37.4855599,127.0713384,11
이전고시,둔촌동현대연립주 재건축정비사업조합,1606.5,재건축,재건축 완료,"서울시 둔촌동513.1,6",37.5282539,127.1447139,7
조합해산,신당제11구역주택재개발정비사업조합,8224.8,재개발(주택정비형),재건축 완료,서울시 신당5동 85번지,37.5638224,127.0215236,13
조합청산,무악연립제2주택재건축정비사업조합,7868.52,재건축,재건축 완료,서울시 종로구 무악동 71-1 외 13필지,37.5764425,126.9593115,12
이전고시,천호동 풍전연립 주택재건축 정비사업조합,1477.9,재건축,재건축 완료,서울시 강동구 천호동 28-32,37.5476081,127.140846,7
조합해산,홍제2구역 주택재개발정비사업조합,49382.0,재개발(주택정비형),재건축 완료,서울시 서대문구 홍제동 156번지,37.5825754,126.9438898,13
조합해산,석관 제 3구역,15232.0,재개발(주택정비형),재건축 완료,서울시 성북구 석관동338-540번지,37.6067801,127.0520634,13
조합해산,용두제6구역 주택재개발정비사업조합,53371.0,재개발(주택정비형),재건축 완료,서울시 동대문구 용두동 753-9번지,37.5800226,127.0284695,13
조합해산,휘경2재정비촉진구역,43329.0,재개발(주택정비형),재건축 완료,서울시 동대문구 휘경동 128-12번지 일대,37.5882047,127.0645152,13
조합해산,금호제19구역 주택재개발정비구역,51475.3,재개발(주택정비형),재건축 완료,서울시 성동구 금호동2가 980번지,37.5530275,127.020416,13
조합해산,왕십리뉴타운 제2구역 주택재개발정비사업조합,69324.0,재개발(주택정비형),재건축 완료,서울시 성동구 상왕십리동 12-37번지,37.5704617,127.0258289,13
조합해산,가재울뉴타운6구역주택재개발사업,48054.4,재개발(주택정비형),재건축 완료,서울시 서대문구 남가좌동352-1번지,37.5756218,126.9194417,13
조합해산,가재울뉴타운5구역주택재개발정비사업조합,52867.7,재개발(주택정비형),재건축 완료,서울시 서대문구 남가좌동 175번지,37.5756218,126.9194417,13
이전고시,노량진제1주택재개발구역,17539.6,재개발(주택정비형),재건축 완료,서울시 동작구 노량진동 122-37,37.510744,126.9442613,7
조합해산,용두5구역 재개발정비구역,37699.8,재개발(주택정비형),재건축 완료,서울시 동대문구 용두동 253번지,37.571355,127.0294167,13
조합청산,옥수제12구역 주택재개발정비사업 구역,92618.8,재개발(주택정비형),재건축 완료,서울시 성동구 옥수동 500번지,37.5438285,127.013956,12
조합해산,길동진흥아파트주택재건축정비구역,36169.0,재건축,재건축 완료,서울시 강동구 둔촌동 630,37.5341448,127.1465183,13
조합해산,응암제3주택재개발구역,18631.7,재개발(주택정비형),재건축 완료,서울시 은평구 응암동 171-0,37.5987192,126.9257991,13
조합해산,반포우성아파트 재건축정비사업,26607.7,재건축,재건축 완료,서울시 서초구 잠원동 74-1,37.5073828,127.0029924,13
이전고시,목원연립주택재건축,1069.9,재건축,재건축 완료,서울시 양천구 목4동 803-2,37.5358976,126.8679926,7
이전고시,쌍문제1구역재개발정비사업조합,16627.44,재개발(주택정비형),재건축 완료,서울시 쌍문동414번지(364-1전지외 110필지),37.6493053,127.0189428,7
이전고시,자양아파트주택재건축정비구역,6456.8,재건축,재건축 완료,서울시 광진구 자양동 658-14번지,37.5326098,127.0845012,7
이전고시,435대명연립 주택재건축정비사업,1327.0,재건축,재건축 완료,서울시 동대문구 장안동 435-2,37.5646213,127.0670763,7
조합청산,월계3 주택재건축정비구역,26995.0,재건축,재건축 완료,서울시 월계1동 531,37.6219654,127.0585916,12
조합해산,정릉제10구역주택재개발정비사업,18107.0,재개발(주택정비형),재건축 완료,서울시 성북구 정릉동 539-1번지 일대,37.615604,126.9976191,13
이전고시,대치제2지구주택재건축정비사업조합,14593.4,재건축,재건축 완료,서울시 강남구 삼성로72길 49,37.5020468,127.0616573,7
조합해산,송파구 송파동 반도아파트 주택재건축 정비사업,30091.5,재건축,재건축 완료,서울시 송파구 송파동 167번지,37.5029698,127.1188259,13
조합해산,상명삼락주택재건축정비사업,1988.8,재건축,재건축 완료,서울시 마포구 망원동 472-1,37.5625846,126.9036326,13
조합해산,옥수 제13주택재개발구역,124431.2,재개발(주택정비형),재건축 완료,서울시 성동구 옥수동 526-0,37.5438285,127.013956,13
조합해산,종암제6 주택재개발정비구역,19506.0,재개발(주택정비형),재건축 완료,서울시 성북구 종암동 95-2번지,37.6017073,127.0356298,13
조합청산,한남연립729번지주택재건축정비사업조합,2333.0,재건축,재건축 완료,서울시 용산구 한남동729번지,37.5374369,127.0034308,12
조합해산,망원동438주택재건축정비사업조합,4737.3,재건축,재건축 완료,서울시 마포구 망원동 438-46번지 외14필지,37.5589596,126.9001669,13
조합해산,벽산빌라 가로주택정비사업,5224.1,가로주택정비,재건축 완료,서울시 강동구 상일동 152-0,37.5498892,127.1569454,13
이전고시,봉상연립재건축정비사업추진위원회,2379.47,재건축,재건축 완료,서울시 양천구신월5동8-1.8-14,37.5429679,126.8281377,7
조합해산,금호제14주택재개발구역,33291.0,재개발(주택정비형),재건축 완료,서울시 성동구 금호동4가 235,37.5461582,127.0240435,13
이전고시,회기제1구역주택재개발조합,14116.0,재개발(주택정비형),재건축 완료,서울시 동대문구 회기동 62-34번지,37.5904438,127.0540161,7
이전고시,성삼연립 주택재건축정비사업,4498.3,재건축,재건축 완료,서울시 도봉구 방학동 636,37.666996,127.0361303,7
조합해산,미아동3-111번지일대 주택재건축정비구역,10335.0,재건축,재건축 완료,서울시 강북구 미아동 3-111번지,37.6207702,127.0330197,13
조합해산,이화연립 주택재건축정비사업조합,2535.0,재건축,재건축 완료,서울시 송파구 풍납동 146번지 외1필지,37.5354196,127.1186216,13
조합해산,응암 제9주택재개발구역,54729.8,재개발(주택정비형),재건축 완료,서울시 은평구 응암동 663번지,37.5938352,126.9231281,13
이전고시,중앙연립 주택재건축정비사업,2508.0,재건축,재건축 완료,서울시 광진구 화양동 35-4,37.5444675,127.0686442,7
이전고시,무궁화연립주택재건축,4639.0,재건축,재건축 완료,서울시 강서구 방화동 191-3,37.5714888,126.822367,7
이전고시,미아10-1 주택재개발정비사업,18474.6,재개발(주택정비형),재건축 완료,서울시 강북구 미아동 476-0,37.6125886,127.0266512,7
이전고시,개봉동 장미연립 주택재건축정비사업,1652.3,재건축,재건축 완료,서울시 구로구 개봉동 335-16,37.4908859,126.849265,7
조합청산,서초우성1차아파트 주택재건축정비구역(서초아파트지구 3주구),56409.3,재건축,재건축 완료,서울시 서초구 서초2동 1336 번지,37.4783695,127.0144784,12
준공인가,서강주택재건축정비사업,32069.7,재건축,재건축 완료,서울시 마포구 하중동 18-2 외 228필지,37.5437078,126.9279675,11
이전고시,신반포13차아파트 주택재건축정비사업,13406.6,재건축,재건축 완료,서울시 서초구 잠원동 52-2외 1필지,37.5171095,127.0137376,7
조합해산,구로동 칠성아파트 가로주택정비사업,3076.0,가로주택정비,재건축 완료,서울시 구로구 구로동 685-280,37.4951408,126.8783443,13
준공인가,둔촌동 삼익빌라 주택재건축정비사업,9808.8,재건축,재건축 완료,서울시 강동구 둔촌동 85-2,37.5299356,127.1447055,11
조합해산,왕십리뉴타운제1구역 주택재개발정비사업조합,100666.39,재개발(주택정비형),재건축 완료,서울시 성동구 하왕십리동 339-67번지,37.5696274,127.0285054,13
조합해산,길음2재정비촉진구역,104979.3,재개발(주택정비형),재건축 완료,서울시 성북구 길음동 498번지,37.6085948,127.0220461,13
이전고시,웅지오성염창주택재건축정비사업조합,6521.3,재건축,재건축 완료,서울시 강서구 염창동 242-4외 6필지,37.5559372,126.8667565,7
이전고시,신탁시행자 방식 테스트용2,120000.01,재건축,재건축 완료,서울시 금천구 가산동 255-255,37.4766861,126.8837772,7
이전고시,신월.신정뉴타운제1구역4지구주택재개발정비사업조합,50978.0,재개발(주택정비형),재건축 완료,서울시 양천구 신월2동 612-13번지,37.5233458,126.8465282,7
이전고시,금호제18주택재개발구역,20721.2,재개발(주택정비형),재건축 완료,서울시 성동구 금호동3가 632-0,37.549893,127.0195641,7
조합해산,연희빌라주택재건축정비사업,4838.0,재건축,재건축 완료,서울시 은평구 구산동 307-1,37.6168181,126.9064129,13
이전고시,시흥동 금강연립아파트 재건축사업,3383.0,재건축,재건축 완료,"서울시 금천구 시흥동 791-39,40,42번지",37.4461474,126.9021788,7
이전고시,신정1재정비촉진구역 1-2지구 재정비촉진사업,17152.0,재개발(주택정비형),재건축 완료,서울시 양천구 신월2동 603-3호,37.5452101,126.8281112,7
이전고시,동아연립주택재건축정비사업조합,2317.4,재건축,재건축 완료,서울시 강서구 염창동 244-18번지외6필지,37.5507368,126.878458,7
조합해산,삼승아파트 주택재건축,8993.1,재건축,재건축 완료,서울시 금천구 독산동 966-1,37.4766059,126.8999366,13
조합청산,용두제1구역 주택재개발정비사업조합,58262.5,재개발(주택정비형),재건축 완료,서울시 동대문구 용두동 80-1번지,37.5814254,127.0439116,12
이전고시,삼미/장미연립주택 재건축정비사업,1990.3,재건축,재건축 완료,서울시 양천구 신월4동 410-12번지 외 2필지,37.5450486,126.8295365,7
이전고시,동대문구 장안동 425-1번지 일대 제1종지구단위계획구역(대성연립연합),5321.8,재건축,재건축 완료,서울시 동대문구 장안동 425-1,37.5650912,127.0659881,7
조합청산,응암제2구역 주택재개발정비사업,120765.2,재개발(주택정비형),재건축 완료,서울시 은평구 응암동 363753번지,37.5938352,126.9231281,12
조합청산,보문제3구역주택재개발정비사업조합`,52245.8,재개발(주택정비형),재건축 완료,서울시 보문동 6가 207번지,37.5804013,127.0188595,12
조합청산,응암제11구역주택재개발정비구역,36242.8,재개발(주택정비형),재건축 완료,서울시 은평구 응암동 455-0,37.5938352,126.9231281,12
조합해산,흑석7재정비촉진구역 주택재개발정비사업조합,74378.0,재개발(주택정비형),재건축 완료,서울시 158번지,37.550263,126.9970831,13
조합청산,잠원대림아파트 재건축정비구역,38306.8,재건축,재건축 완료,서울시 서초구 잠원동 57,37.5143551,127.0116337,12
조합청산,응암제1구역 주택재개발정비사업구역,43938.0,재개발(주택정비형),재건축 완료,서울시 은평구 응암동 8번지,37.5984559,126.9351653,12
조합청산,신길11재정비촉진구역주택재개발정비사업조합,50759.3,재개발(주택정비형),재건축 완료,서울시 영등포구 신길동329-94외 522필지,37.505736,126.9079889,12
조합해산,수색4재정비촉진구역,61898.0,재개발(주택정비형),재건축 완료,서울시 은평구 수색동 361-10,37.5841013,126.8936294,13
조합해산,신정제4구역주택재개발정비사업,54683.5,재개발(주택정비형),재건축 완료,서울시 양천구 신정동 1033-1번지 일대,37.5171775,126.8526498,13
조합청산,신길7재정비촉진구역,93728.5,재개발(주택정비형),재건축 완료,서울시 영등포구 신길동 1993외950필지,37.5014779,126.9173847,12
조합해산,신길14재정비촉진구역 주택재개발정비사업,27844.0,재개발(주택정비형),재건축 완료,서울시 영등포구 신길동 347-50,37.5052922,126.9043364,13
조합청산,반포한양아파트 주택재건축 정비사업,26539.2,재건축,재건축 완료,서울시 서초구 잠원동 66번지,37.5088569,127.0084356,12
조합해산,봉천 제12-1구역 주택재개발 정비사업조합,28259.0,재개발(주택정비형),재건축 완료,서울시 관악구 청룡동(봉천8동) 1544-1호,37.4890714,126.9586381,13
이전고시,신정2-2지구 재정비촉진구역,19599.5,재개발(주택정비형),재건축 완료,서울시 양천구 신정동 1150-41,37.516463,126.8528674,7
조합청산,묵1주택재건축정비사업조합,37334.7,재건축,재건축 완료,서울시 중랑구 묵동 81-17번지,37.612732,127.0797858,12
준공인가,홍제동 제1주택재건축정비사업,38404.0,재건축,재건축 완료,서울시 서대문구 홍제동 57-5,37.5812599,126.9505916,11
이전고시,국제빌딩주변 제4구역 도시환경정비사업조합,53441.06,재개발(도시정비형),재건축 완료,서울시 용산구 한강로3가 63-70번지,37.5258963,126.9676579,7
조합해산,휘경1재정비촉진구역 주택재개발정비사업조합,12915.0,재개발(주택정비형),재건축 완료,서울시 동대문구 휘경동 243번지,37.5882047,127.0645152,13
준공인가,면목4주택재건축정비사업,14918.9,재건축,재건축 완료,서울시 중랑구 면목동 55-14번지,37.5860308,127.0960428,11
조합청산,길동신동아3차아파트 주택재건축정비구역,12181.0,재건축,재건축 완료,서울시 강동구 길동 43번지,37.5424596,127.15031,12
조합해산,녹번제1구역제2지구 주택재개발정비사업조합,66094.0,재개발(주택정비형),재건축 완료,서울시 은평구 녹번동 19번지,37.6034758,126.9353357,13
조합해산,우성2차아파트 주택재건축정비구역(서초아파트지구),24067.42,재건축,재건축 완료,"서울시 서초구 서초동 1331번지, 1331-1번지",37.4924162,127.0268355,13
조합해산,상아2차아파트 재건축정비구역,27721.8,재건축,재건축 완료,서울시 강남구 삼성동 19-4,37.5175246,127.0499786,13
이전고시,반포현대아파트주택재건축정비사업,3621.5,재건축,재건축 완료,서울시 서초구 반포동 30-15 16,37.5030927,127.0162627,7
조합청산,장안시영2단지2ㅏ주택재건축,38026.0,재건축,재건축 완료,서울시 동대문구 장안동 329-2,37.5759642,127.0753503,12
조합해산,상계8단지재건축정비사업 조합설립추진위원회,41763.0,재건축,재건축 완료,서울시 노원구 상계10동 677 688,37.6597393,127.0604535,13
조합해산,신정2재정비촉진구역1지구 주택재개발정비사업조합,87327.2,재개발(주택정비형),재건축 완료,서울시 양천구 신정동 1175-28,37.5180078,126.851968,13
조합청산,효창제4구역주택재개발정비사업,10030.0,재개발(주택정비형),재건축 완료,서울시 용산구 효창동 117-1호,37.5433203,126.9611019,12
조합해산,구의1 주택재건축 정비구역,48323.0,재건축,재건축 완료,서울시 광진구 구의동 122-2번지,37.5444007,127.092844,13
조합해산,거여2재정재정비촉진구역1지구 주택재개발 정비사업조합,99175.1,재개발(주택정비형),재건축 완료,서울시 송파구 거여동 697번지일대,37.4897279,127.1449912,13
조합해산,효창제6구역,18256.56,재개발(주택정비형),재건축 완료,서울시 용산구 효창동 3-250번지,37.5476929,126.9622026,13
조합해산,신반포3차 경남아파트 주택재건축 정비사업,146915.8,재건축,재건축 완료,서울시 서초구 반포동 1-1,37.5068005,126.9973098,13
조합해산,개포주공3단지주택재건축정비사업,64293.8,재건축,재건축 완료,서울시 강남구 개포2동 138번지 외,37.4859833,127.0679911,13
준공인가,신반포15차아파트 주택재건축정비사업,31983.1,재건축,재건축 완료,서울시 서초구 반포동 12번지,37.5037783,126.9936331,11
조합해산,삼호가든맨션3차아파트 주택재건축정비사업구역,31228.8,재건축,재건축 완료,서울시 서초구 반포1동 32-8번지외,37.5059465,126.9987477,13
조합해산,종로6가 도시환경정비구역,12556.3,재개발(도시정비형),재건축 완료,서울시 종로구 종로6가 82-1번지,37.5715032,127.0084121,13
조합해산,고덕시영아파트주택재건축정비사업구역,194302.7,재건축,재건축 완료,서울시 강동구 고덕동 670번지,37.5638217,127.1582312,13
조합해산,증산2재정비촉진구역 주택재개발정비사업조합,78755.2,재개발(주택정비형),재건축 완료,서울시 은평구 증산동 213-20번지,37.5810087,126.9027162,13
조합해산,홍은제14구역 주택재개발정비사업조합,229.34,재개발(주택정비형),재건축 완료,서울시 서대문구 홍은동 19-19번지,37.5837953,126.9309426,13
준공인가,신월4구역 주택재건축 정비사업,15735.2,재건축,재건축 완료,서울시 양천구 신월동 489-3외,37.5231904,126.843991,11
이전고시,용산역전면 제2구역 도시환경정비사업조합,18956.8,재개발(도시정비형),재건축 완료,서울시 한강로2가 391,37.5333887,126.9708002,7
조합해산,답십리제16주택재개발정비구역,145976.0,재개발(주택정비형),재건축 완료,서울시 동대문구 답십리동178번지일대,37.5710195,127.0566992,13
이전고시,화곡1 주택재건축정비사업,31237.0,재건축,재건축 완료,서울시 강서구 화곡동 1027-50,37.5451065,126.8389602,7
조합해산,덕수연립주택재건축정비사업조합,1736.7,재건축,재건축 완료,서울시 강서구 염창동 283번지,37.5477863,126.8768293,13
조합해산,개포시영(아)주택재건축정비사업,115910.0,재건축,재건축 완료,서울시 개포동 656외,37.4785667,127.0555862,13
이전고시,염창1주택재건축정비사업조합,21607.7,재건축,재건축 완료,서울시 강서구 염창동 277-24번지 일대,37.5495732,126.8688937,7
조합청산,녹번제1구역제1지구,39128.0,재개발(주택정비형),재건축 완료,서울시 녹번동 53번지,37.6010777,126.9357793,12
조합해산,염리제2주택재개발구역,51748.3,재개발(주택정비형),재건축 완료,서울시 마포구 염리동 45번지,37.5501969,126.9484852,13
조합청산,상도대림아파트 주택재건축정비사업,44100.4,재건축,재건축 완료,서울시 동작구 상도동 36-1번지,37.5079238,126.9517656,12
준공인가,아현제4구역주택재개발정비사업조합,64357.7,재개발(주택정비형),재건축 완료,서울시 마포구 아현동 380번지,37.5530559,126.9577563,11
이전고시,용산역전면 제3구역,24788.0,재개발(도시정비형),재건축 완료,서울시 용산구 한강로2가 342번지,37.5315815,126.9686123,7
조합청산,봉천제12-2구역 주택재개발구역,80836.0,재개발(주택정비형),재건축 완료,서울시 관악구 봉천동 1553-1번지,37.4903602,126.9583217,12
이전고시,서초삼호1차아파트 주택재건축,39964.2,재건축,재건축 완료,서울시 서초구 서초동 1311번지 외2필지,37.5005395,127.0198109,7
조합청산,사당1주택재건축정비사업조합,33693.8,재건축,재건축 완료,서울시 동작구 사당동 167-19번지,37.4872847,126.9750093,12
준공인가,홍은동제2주택재건축정비사업조합,33199.0,재건축,재건축 완료,서울시 서대문구 홍은동 338-5번지,37.5859173,126.92387,11
조합해산,풍납우성아파트주택재건축정비사업,24036.4,재건축,재건축 완료,서울시 송파구 풍납2동 388-7번지389 2필지,37.5294056,127.1135523,13
조합해산,신반포6차아파트 주택재건축정비구역(아파트지구),34745.9,재건축,재건축 완료,서울시 서초구 잠원동74-23번지,37.5087872,127.0022868,13
조합청산,불광제3구역주택재개발정비사업조합,77298.0,재개발(주택정비형),재건축 완료,서울시 은평구 불광동 17번지 일대,37.6196974,126.9334882,12
조합청산,영등포구 도림 제16 주택재개발정비구역,53378.0,재개발(주택정비형),재건축 완료,서울시 영등포구 도림동 162-94,37.511021,126.8991025,12
조합청산,신반포1차재건축주택조합,77961.0,재건축,재건축 완료,서울시 서초구 반포동 2-1번지,37.5077377,126.9967606,12
이전고시,사당2주택재건축정비사업조합,49439.3,재건축,재건축 완료,서울시 동작구 사당동 181번지,37.4910671,126.9611156,7
조합해산,응암3구역 주택재건축 정비사업,30931.0,재건축,재건축 완료,서울시 응암동 626-108번지,37.5938352,126.9231281,13
조합청산,응암동 225-1 주택재건축정비구역,19644.0,재건축,재건축 완료,서울시 은평구 응암동 225-1,37.5949467,126.9240471,12
조합해산,삼호가든4차아파트 주택재건축정비사업,27429.5,재건축,재건축 완료,서울시 서초구 반포동 30-20,37.5045432,127.0107723,13
조합해산,서초우성3차 주택재건축정비구역(아파트지구),16736.7,재건축,재건축 완료,서울시 서초구 서초동 1332-1,37.4781192,127.0140875,13
조합청산,금호제15구역 주택재개발정비사업,66379.5,재개발(주택정비형),재건축 완료,서울시 성동구 금호동1가 280번지,37.553569,127.0249849,12
조합해산,장위5구역주택재개발정비사업조합,89853.4,재개발(주택정비형),재건축 완료,서울시 성북구 장위동173-114,37.6190851,127.0506754,13
조합해산,흑석8재정비촉진구역 주택재개발정비사업조합,33310.0,재개발(주택정비형),재건축 완료,서울시 동작구 흑석동 232번지,37.5038987,126.955399,13
조합청산,삼익그린맨션아파트 주택재건축정비사업조합,63239.1,재건축,재건축 완료,서울시 강동구 명일동 309-1 외 7필지,37.5519484,127.1443417,12
조합청산,녹번제1구역3지구 주택재개발정비사업,74820.0,재개발(주택정비형),재건축 완료,서울시 은평구 녹번동 4번지,37.6060628,126.9375505,12
조합청산,응암제10주택재개발구역,61052.6,재개발(주택정비형),재건축 완료,서울시 은평구 응암동 419-0,37.5937486,126.9201237,12
준공인가,상계6재정비촉진구역,65684.9,재개발(주택정비형),재건축 완료,서울시 노원구 상계동 95-3번지,37.6649525,127.0778462,11
조합해산,석관제2구역 주택재개발정비구역,51492.0,재개발(주택정비형),재건축 완료,서울시 성북구 석관동 58-56번지,37.6076882,127.0650292,13
조합해산,돈의문1구역도시환경정비사업조합,152639.0,재개발(도시정비형),재건축 완료,서울시 종로구 교남동 62-1,37.5716359,126.9639041,13
조합해산,상계4재정비촉진구역 재개발사업,39960.6,재개발(주택정비형),재건축 완료,서울시 노원구 상계동 85-33번지,37.6647951,127.0738954,13
조합해산,월계2(인덕마을) 주택재건축정비구역,43303.0,재건축,재건축 완료,서울시 월계2동 633-31,37.6380564,127.0503032,13
조합청산,신길3재정비촉진구역주택재개발정비사업,38502.9,재개발(주택정비형),재건축 완료,서울시 영등포구 신길동 145-40번지,37.5079271,126.9167168,12
준공인가,보문제2구역 주택재개발정비사업,17837.0,재개발(주택정비형),재건축 완료,서울시 성북구26길 13-9(보문동1가),37.5883365,127.0187863,11
조합청산,전농 제11주택재개발정비구역,28150.5,재개발(주택정비형),재건축 완료,서울시 동대문구 전농동 518-0,37.5797474,127.0557043,12
이전고시,신반포14차 주택재건축정비사업 조합설립 추진위원회,10054.79,재건축,재건축 완료,서울시 서초구 잠원동 74,37.5087872,127.0022868,7
조합해산,홍은제12주택재개발정비구역,26421.7,재개발(주택정비형),재건축 완료,서울시 서대문구 홍은동 450번지,37.5930107,126.9385581,13
조합해산,가락시영아파트 주택재건축 정비구역,405782.4,재건축,재건축 완료,서울시 송파구 가락동 479-0,37.4956865,127.1184047,13
조합해산,가재울뉴타운4구역주택재개발정비사업,284637.5,재개발(주택정비형),재건축 완료,서울시 서대문구 남가좌동 124번지,37.5708806,126.9195039,13
조합청산,한신18차아파트 주태재건축정비사업구역(한신24차아파트포함),22930.1,재건축,재건축 완료,서울시 서초구 잠원동 52번지,37.516786,127.0132266,12
이전고시,홍제제3주택재개발정비사업,5837.54,재개발(주택정비형),재건축 완료,서울시 홍제동 270번지,37.5901169,126.9484911,7
조합청산,상일동 고덕7단지(아) 주택재건축정비사업,89869.4,재건축,재건축 완료,서울시 강동구 상일동 187-0,37.5511028,127.1696401,12
조합청산,고덕3단지아파트주택재건축정비사업,211394.7,재건축,재건축 완료,서울시 강동구 상일동 121번지,37.5472666,127.1800274,12
조합해산,방배3구역 주택재건축정비사업구역,17865.8,재건축,재건축 완료,서울시 서초구 방배동 992-1번지,37.4722463,126.9893231,13
조합해산,고덕주공6단지 주택재건축 정비구역,86871.9,재건축,재건축 완료,서울시 강동구 상일동 124번지,37.5512348,127.1721537,13
준공인가,남산골테스트용,150000.0,재개발(주택정비형),재건축 완료,서울시 금천구 가산동 12-31,37.4766861,126.8837772,11
조합청산,고덕주공5단지아파트 주택재건축 정비구역,83387.0,재건축,재건축 완료,서울시 강동구 상일동 131번지,37.5511028,127.1696401,12
조합해산,상일동 고덕4단지(아) 주택재건축정비사업,34559.6,재건축,재건축 완료,서울시 강동구 상일동 134번지외 3필지,37.5511028,127.1696401,13
조합청산,고덕2단지아파트 주택재건축정비구역,246210.1,재건축,재건축 완료,서울시 강동구 고덕동 217번지,37.5638217,127.1582312,12
조합해산,신길5재정비촉진구역,76602.0,재개발(주택정비형),재건축 완료,서울시 영등포구 신길동 1583-1번지,37.5060633,126.9136167,13
이전고시,개포시영아파트중심상가재건축정비사업,2520.0,재건축,재건축 완료,서울시 강남구 개포동 656-3,37.4784598,127.0553349,7
조합청산,신길9재정비촉진구역 주택재개발정비사업조합,73698.6,재개발(주택정비형),재건축 완료,서울시 영등포구 신길동 240-16번지,37.5060633,126.9136167,12
조합해산,답십리18구역주택재개발 정비사업,55394.0,재개발(주택정비형),재건축 완료,서울시 동대문구 답십리동 98-0,37.5752549,127.057166,13
조합청산,북아현 1-2 재정비촉진구역 주택재개발 정비사업,60335.5,재개발(주택정비형),재건축 완료,서울시 서대문구 북아현동 174번지,37.5624168,126.9543856,12
조합청산,남가좌동제1구역주택재건축정비사업조합,63389.7,재건축,재건축 완료,서울시 서대문구 남가좌동 369-10,37.5756218,126.9194417,12
조합해산,장위7구역주택재개발정비사업,86921.7,재개발(주택정비형),재건축 완료,서울시 성북구 장위동 189-3,37.6191535,127.0486531,13
이전고시,홍은제1주택재건축정비사업,19246.0,재건축,재건축 완료,서울시 서대문구 홍은동 104-4번지,37.5943779,126.9404543,7
조합해산,서초한양아파트 주택재건축정비사업,38594.4,재건축,재건축 완료,서울시 서초구 반포동 32-5번지 외3필지,37.5022658,127.0117911,13
이전고시,신반포5차아파트 주택재건축 정비사업조합,27562.7,재건축,재건축 완료,서울시 서초구 잠원동 64-8,37.5161706,127.0088499,7
준공인가,개나리4차아파트주택재건축,24161.6,재건축,재건축 완료,서울시 강남구 언주로 406 일원(역삼동 712-3번지외 4필지,37.5001969,127.0457761,11
이전고시,양천구 신월4동 주택재건축정비구역,18214.9,재건축,재건축 완료,서울시 양천구 신월동 432-6,37.5264285,126.8342266,7
준공인가,강남아파트주택재건축정비구역,24558.1,재건축,재건축 완료,서울시 관악구 신림동 1644번지,37.4842295,126.9039076,11
조합해산,신길12재정비촉진구역 주택재개발정비사업조합,52716.0,재개발(주택정비형),재건축 완료,서울시 영등포구 신길동 337-246번지,37.5039693,126.9090202,13
조합해산,대영연립 주택재건축 정비사업,2930.0,재건축,재건축 완료,서울시 광진구 자양동 224-15 외1필지(224-25),37.5380899,127.0782923,13
조합해산,신수1구역 주택재건축정비사업,47137.3,재건축,재건축 완료,서울시 마포구 신수동 93-102번지 일대,37.550489,126.9367878,13
조합해산,자양4재정비촉진구역도시환경정비사업조합,1081.64,재개발(도시정비형),재건축 완료,서울시 광진구 자양동778-6번,37.531692,127.074516,13
이전고시,구의맨션재건축정비사업조합,2165.9,재건축,재건축 완료,서울시 광진구 구의동 227-3번지 외 1필지,37.5428781,127.0906055,7
준공인가,자양1구역 주택재건축정비사업,39608.0,재건축,재건축 완료,서울시 광진구 자양4동 236번지,37.5368989,127.0615463,11
조합해산,하왕 제1-5구역주택재개발 정비사업,32989.59,재개발(주택정비형),재건축 완료,서울시 성동구 하왕십리동 999번지외 323필지,37.561235,127.0240281,13
조합해산,왕십리뉴타운제3구역 주택재개발사업,136892.8,재개발(주택정비형),재건축 완료,서울시 성동구 하왕십리동 700번지,37.5639874,127.0280247,13
조합해산,천호2구역 주택재건축정비사업,10106.8,재건축,재건축 완료,서울시 강동구 천호동 437-5번지,37.5420746,127.1258936,13
조합청산,돈암정릉구역 주택재개발 정비사업,30588.0,재개발(주택정비형),재건축 완료,서울시 성북구 돈암동 535번지,37.5998247,127.0122039,12
조합청산,목제1주택재건축정비사업,24519.5,재건축,재건축 완료,서울시 양천구 목동 632-1번지,37.5360367,126.8745334,12
조합해산,면목역5구역 가로주택정비사업,7040.95,가로주택정비,재건축 완료,서울시 중랑구 면목동 100-38,37.590261,127.0920506,13
준공인가,신월신정뉴타운제1구역1지구 주택재개발정비사업조합,174801.0,재개발(주택정비형),재건축 완료,서울시 신월6동 551 번지일대,37.5163837,126.8421653,11
조합해산,금호제20구역 주택재개발정비사업조합,35827.6,재개발(주택정비형),재건축 완료,서울시 성동구 금호동4가 56-1번지,37.5456282,127.0251703,13
조합청산,효창5구역 주택재개발정비사업 조합,22911.5,재개발(주택정비형),재건축 완료,서울시 용산구 효창동 13-2외258필지,37.5432037,126.9633365,12
조합해산,금호제14-1구역 주택재개발정비사업조합,5127.2,재개발(주택정비형),재건축 완료,서울시 성동구 금호동4가 480번지,37.5470885,127.0227107,13
조합해산,신당제6구역 주택정비형 재개발사업,484.94,재개발(주택정비형),재건축 완료,서울시 중구 신당동 80-0,37.5620634,127.0228052,13
조합청산,신길8 재정비촉진구역 주택재개발정비사업,32287.3,재개발(주택정비형),재건축 완료,서울시 영등포구 신길동 3163번지,37.5031405,126.9133577,12
조합해산,북아현1-3재정비촉진구역주택재개발정비사업조합,106645.8,재개발(주택정비형),재건축 완료,서울시 북아현동 149번지,37.5624168,126.9543856,13
이전고시,서초무지개아파트 재건축정비사업,61641.4,재건축,재건축 완료,서울시 서초구 서초2동 1335번지 외 1필지,37.4890871,127.0261778,7
준공인가,길동신동아12차아파트주택재건축정비사업,46267.7,재건축,재건축 완료,서울시 강동구 길동 160번지 외 6필지,37.5391363,127.148678,11
조합해산,개나리6차(아) 주택재건축정비사업조합,18414.3,재건축,재건축 완료,서울시 강남구 역삼동 711외 3필지,37.4994269,127.0446982,13
조합청산,면목1 주택재건축정비구역,24240.4,재건축,재건축 완료,서울시 중랑구 면목동 520-19,37.5823776,127.0892215,12
조합해산,망원1 주택재건축정비사업,20568.1,재건축,재건축 완료,서울시 망원동 458-16번지,37.5518554,126.9042409,13
조합청산,북아현1-1재정비촉진구역 주택재개발사업,77234.2,재개발(주택정비형),재건축 완료,서울시 서대문구 북아현동 1-954,37.5620472,126.9510268,12
준공인가,대치3동 제1지구 재건축정비사업조합,29532.2,재건축,재건축 완료,서울시 강남구 대치동 963번지,37.5024331,127.0602835,11
조합해산,연희 제1주택재건축 정비구역,19468.8,재건축,재건축 완료,서울시 서대문구 연희동 711번지,37.5585871,126.9349171,13
